Timestamp,Usia,Pekerjaan,Domisili,1.	Sudah berapa kali Conservationmate mengikuti virtual tour ini yang diselenggarakan Direktorat PJLHK serta Taman Nasional?,2.	Apa yang Conservationmate paling perhatikan dalam acara ini?,3.	Bagaimana durasi virtual tour ini?,4. Tema Virtual Tour yang conservationmate usukan,"5. Dari media promosi Direktorat PJLHK ini, mana yang sudah cinservationmate ikuti/subscribe",6. Virtual tour ini telah memberi saya pengalaman dan pengetahuan baru,7. Virtual tour ini berhasil membawa saya seperti berada langsung di gunung yang sedang saya daki ,8. Virtual tour ini berhasil mengobati kerinduan saya untuk mendaki gunung lagi,9. Saya berniat mengikuti virtual tour ini lagi,"10. Setelah melihat virtual tour ini, nanti saya ingin berkunjung langsung",11. Tuliskan saran konstruktif Conservationmate untuk perbaikan virtual tour ini:
6/15/2021 8:34:53,26 s/d 30,Lainnya,Bandung,Ini kali pertama saya mengikutinya,Pembawa Acara,Terlalu Singkat,Menyelam,Semuanya,Setuju,Setuju,Setuju,Setuju,Setuju,mungkin bisa di share untuk vdeonya
6/15/2021 8:35:08,15 s/d 20,Pelajar / Mahasiswa,Kalimantan Barat,Tiga kali,Pembawa Acara,Durasi Pas,Menyusuri Sungai,Semuanya,Setuju,Setuju,Setuju,Setuju,Setuju,"Panitia/pembawa acara lebih aktif dan bersemangat, agar peserta juga bersemangat"
6/15/2021 8:35:19,26 s/d 30,Lainnya,Bandung,Dua kali,Video,Terlalu Singkat,Mengamati satwa,IG,Setuju,Setuju,Setuju,Setuju,Setuju,Sudah ok
6/15/2021 8:37:51,31 s/d 35,Pegawai Negri,Semarang,Lebih dari tiga kali,Video,Terlalu Singkat,Menyusuri Sungai,Website,Setuju,Setuju,Tidak Setuju,Setuju,Setuju,kualitas video perlu lebih detail dengan durasi lebih lama
6/15/2021 8:41:50,36>,Pegawai Negri,DKI Jakarta,Tiga kali,Video,Durasi Pas,Menyusuri Sungai,YouTube,Setuju,Setuju,Setuju,Setuju,Setuju,"Tetap pertahankan acara-acara seperti ini, mungkin lain kali obyeknya mengenai pengamatan satwa,  menyelam dan menyusuri sungai."
6/15/2021 8:45:12,36>,Pegawai Negri,sidoarjo,Lebih dari tiga kali,Video,Durasi Pas,Mengamati satwa,IG,Setuju,Setuju,Setuju,Setuju,Setuju,"Publish promote ke level yang lebih tinggi, minimal ada statement dari Menteri LHK tentang manfaat dari VT ini"
6/15/2021 8:46:48,26 s/d 30,Lainnya,Bogor,Ini kali pertama saya mengikutinya,Video,Terlalu Lama,Mengamati satwa,Semuanya,Setuju,Setuju,Setuju,Setuju,Setuju,kualitas video kurang baik
6/15/2021 8:52:20,36>,Pegawai Negri,Jakarga,Ini kali pertama saya mengikutinya,Video,Durasi Pas,Menyelam,IG,Setuju,Setuju,Setuju,Setuju,Setuju,"Narasi lebih menghibur, sisipi dg video atau narasi sedikit humor."
6/15/2021 8:54:45,21 s/d 25,Pelajar / Mahasiswa,"Pontianak, Kalimantan Barat",Dua kali,Video,Durasi Pas,Mengamati satwa,IG,Setuju,Setuju,Setuju,Setuju,Setuju,-
6/15/2021 8:55:14,36>,Pegawai Negri,bgr,Lebih dari tiga kali,Video,Durasi Pas,Mengamati satwa,Semuanya,Setuju,Setuju,Setuju,Setuju,Setuju,MC dan pemandu lebih interaktif ke audience
6/15/2021 9:00:12,21 s/d 25,Lainnya,Depok,Ini kali pertama saya mengikutinya,Video,Durasi Pas,Menyelam,IG,Setuju,Setuju,Setuju,Setuju,Setuju,Resolusi videonya boleh ditingkatkan lagi
6/15/2021 9:01:21,31 s/d 35,Lainnya,Medan,Ini kali pertama saya mengikutinya,Video,Durasi Pas,Menyelam,IG,Setuju,Setuju,Setuju,Setuju,Setuju,"kualitas video mungkin bisa sedikit diperbaiki,"
6/15/2021 9:02:22,36>,Wiraswasta,Badung Bali,Ini kali pertama saya mengikutinya,Video,Durasi Pas,Mengamati satwa,IG,Setuju,Setuju,Setuju,Setuju,Setuju,"Kualitas Video diperbaiki, thx"
6/15/2021 9:02:28,36>,Pegawai Negri,Kalimantan,Lebih dari tiga kali,Video,Durasi Pas,Menyelam,Semuanya,Setuju,Setuju,Setuju,Setuju,Setuju,melibatkan media masa umum untuk promosi virtual tour untuk menambah yang hadir 
6/15/2021 9:03:08,36>,Pegawai Negri,Banjarbaru,Ini kali pertama saya mengikutinya,Video,Durasi Pas,Mengamati satwa,YouTube,Setuju,Setuju,Setuju,Setuju,Setuju,Sesekali virtual live nya langsung ourdoor di lokasi yang bersinyal
6/15/2021 9:04:03,36>,Pegawai Negri,Bogor,Dua kali,Video,Durasi Pas,Mengamati satwa,Website,Setuju,Setuju,Setuju,Setuju,Setuju,"Untuk kedepannya, barangkali kualitas video KSA/KPA dapat diperbagus lagi. Karena sayang sekali keindahan alam seperti Leuser ini tidak dapat dinikmati dengan puas karena kualitas gambar. Kebetulan saya sudah 2x ke TNGL, namun virtual tour ini dapat mengobati rasa rindu saya ke TNGL. Trms"
6/15/2021 9:07:59,36>,Pegawai Negri,Kalimantan Barat,Lebih dari tiga kali,Video,Durasi Pas,Mengamati satwa,Semuanya,Setuju,Setuju,Setuju,Setuju,Setuju,saat ini cukup..
6/15/2021 9:16:00,36>,Lainnya,Surabaya,Lebih dari tiga kali,Kuis,Terlalu Lama,Mengamati satwa,YouTube,Setuju,Setuju,Setuju,Setuju,Setuju,Hadiahnya ditambah trip ke Taman Nasional. Terima kasih
6/15/2021 9:57:11,36>,Lainnya,ende flores,Lebih dari tiga kali,Video,Durasi Pas,Mengamati satwa,IG,Setuju,Setuju,Setuju,Setuju,Setuju,sudah pas
6/15/2021 10:18:11,36>,Pegawai Negri,Kotamobagu Propinsi Sulawesi Utara,Lebih dari tiga kali,Video,Durasi Pas,Mengamati satwa,Semuanya,Setuju,Setuju,Setuju,Setuju,Setuju,Pokoke mantap hu ha hu ha hu ha
6/17/2021 8:40:38,26 s/d 30,Lainnya,"Banyuwangi, Jawa Timur",Dua kali,Video,Durasi Pas,Mengamati satwa,IG,Setuju,Setuju,Setuju,Setuju,Setuju,Tetap semangat! 
6/17/2021 8:40:42,26 s/d 30,Lainnya,Bandung,Tiga kali,Video,Terlalu Singkat,Mengamati satwa,IG,Setuju,Setuju,Setuju,Setuju,Setuju,Sudah Ok
6/17/2021 8:41:28,15 s/d 20,Pelajar / Mahasiswa,Kehutanan,Ini kali pertama saya mengikutinya,Video,Durasi Pas,Mengamati satwa,YouTube,Setuju,Setuju,Setuju,Setuju,Setuju,Semoga selalu di laksanakan seperti ini
6/17/2021 8:41:32,21 s/d 25,Pelajar / Mahasiswa,Sungai penuh,Ini kali pertama saya mengikutinya,Video,Durasi Pas,Mengamati satwa,YouTube,Setuju,Tidak Setuju,Setuju,Setuju,Setuju,Perbaiki kualitas zoomnya lagi
6/17/2021 8:41:55,36>,Lainnya,Bogor,Dua kali,Video,Durasi Pas,Mengamati satwa,IG,Setuju,Setuju,Setuju,Setuju,Setuju,"sudah baik, semoga lebih baik lagi"
6/17/2021 8:42:09,15 s/d 20,Pelajar / Mahasiswa,Aceh,Ini kali pertama saya mengikutinya,Video,Durasi Pas,Mengamati satwa,Website,Setuju,Setuju,Setuju,Setuju,Setuju,"Semoga kedepannya lebih baik lagi,"
6/17/2021 8:42:18,21 s/d 25,Pelajar / Mahasiswa,Ponorogo,Dua kali,Video,Durasi Pas,Mengamati satwa,IG,Setuju,Setuju,Setuju,Setuju,Setuju,Semoga tetap lancar kegiatannya dan semangat mengedukasi masyarakat tentang konservasi
6/17/2021 8:42:22,31 s/d 35,Lainnya,Sungai Penuh,Dua kali,Video,Durasi Pas,Mengamati satwa,IG,Tidak Setuju,Tidak Setuju,Tidak Setuju,Setuju,Setuju,"jangan hanya mendaki mendaki, tapi kedepannya lebih ke satwa dignung kerinci atau lebih banyak objeknya ke tumbuhan2..thank"
6/17/2021 8:42:29,21 s/d 25,Pelajar / Mahasiswa,Gayo lues,Ini kali pertama saya mengikutinya,Kuis,Durasi Pas,Mengamati satwa,YouTube,Setuju,Setuju,Setuju,Setuju,Setuju,Cukup baik
6/17/2021 8:42:40,36>,Pegawai Negri,Makassar,Ini kali pertama saya mengikutinya,Video,Durasi Pas,Menyusuri Sungai,Semuanya,Setuju,Setuju,Setuju,Setuju,Setuju,Salam Lestari
6/17/2021 8:43:26,21 s/d 25,Pelajar / Mahasiswa,Kerinci,Ini kali pertama saya mengikutinya,Pembawa Acara,Durasi Pas,Mengamati satwa,Semuanya,Setuju,Setuju,Setuju,Setuju,Setuju,Semoga audio nya lebih jelas di virtual zoom berikutnya
6/17/2021 8:43:55,15 s/d 20,Pelajar / Mahasiswa,Gayo Lues_Aceh ,Ini kali pertama saya mengikutinya,Video,Durasi Pas,Mengamati satwa,Website,Setuju,Setuju,Setuju,Setuju,Setuju,Semoga virtual ini dapat berjalan dengan lancar dan di laksanakan berulangkali untuk menambah wawasan 
6/17/2021 8:43:55,26 s/d 30,Wiraswasta,Kota sungai penuh,Lebih dari tiga kali,Video,Durasi Pas,Mengamati satwa,Semuanya,Setuju,Setuju,Setuju,Setuju,Setuju,No coment
6/17/2021 8:43:57,15 s/d 20,Pelajar / Mahasiswa,Gayo Lues_Aceh,Ini kali pertama saya mengikutinya,Video,Durasi Pas,Mengamati satwa,Website,Setuju,Setuju,Setuju,Setuju,Setuju,Semoga virtual ini berjalan dengan lancar dan di laksanakan. Berulang kali untuk menambah wawasan
6/17/2021 8:44:05,15 s/d 20,Pelajar / Mahasiswa,Sumatera Utara,Ini kali pertama saya mengikutinya,Video,Durasi Pas,Mengamati satwa,YouTube,Setuju,Setuju,Setuju,Setuju,Setuju,-
6/17/2021 8:45:26,26 s/d 30,Pelajar / Mahasiswa,PONOROGO JAWA TIMUR,Dua kali,Kuis,Durasi Pas,Mengamati satwa,Semuanya,Setuju,Setuju,Setuju,Setuju,Setuju,"video dan suaranya lebih jelas lagi,,
materi penyampaian mudah dipahami dan tidak terlalu lama,,
materi lebih menarik lagi yaaaa :)"
6/17/2021 8:46:26,21 s/d 25,Pelajar / Mahasiswa,"Akul,kab.gayo Lues, Aceh, Indonesia",Ini kali pertama saya mengikutinya,Video,Durasi Pas,Mengamati satwa,Semuanya,Setuju,Tidak Setuju,Tidak Setuju,Setuju,Setuju,Saran saya hanya virtual tour ini harus di kembangkan lagi karena ini sangat bermanfaat sekali
6/17/2021 8:47:26,21 s/d 25,Wiraswasta,Curup,Ini kali pertama saya mengikutinya,Video,Durasi Pas,Mengamati satwa,Semuanya,Setuju,Setuju,Setuju,Setuju,Setuju,Tidak ada
6/17/2021 8:47:28,21 s/d 25,Wiraswasta,Curup,Ini kali pertama saya mengikutinya,Video,Durasi Pas,Mengamati satwa,IG,Setuju,Setuju,Setuju,Setuju,Setuju,Video nya kurang bagus
6/17/2021 8:51:15,21 s/d 25,Pelajar / Mahasiswa,Gayo Lues_Aceh,Ini kali pertama saya mengikutinya,Video,Durasi Pas,Mengamati satwa,Website,Setuju,Setuju,Setuju,Setuju,Setuju,Semoga virtual ini berjalan dengan lancar dan bisa berlangsung berulang kali
6/17/2021 8:51:54,15 s/d 20,Pelajar / Mahasiswa,"Gayo Lues, Aceh",Ini kali pertama saya mengikutinya,Video,Durasi Pas,Mengamati satwa,Website,Setuju,Setuju,Setuju,Setuju,Setuju,Semoga virtual ini berjalan dengan lancar dan bisa berjalan berulang kali
6/17/2021 8:57:03,15 s/d 20,Pelajar / Mahasiswa,Aceh jaya,Ini kali pertama saya mengikutinya,Video,Durasi Pas,Mengamati satwa,Semuanya,Setuju,Setuju,Setuju,Setuju,Setuju,Sangat bagus
6/17/2021 8:58:47,15 s/d 20,Pelajar / Mahasiswa,Usk psdku gayo lues,Dua kali,Pertanyaan,Durasi Pas,Mengamati satwa,Semuanya,Setuju,Setuju,Setuju,Setuju,Setuju,Kalau bisa tatap muka langsung di wisatanya keliatannya itu lebih seru dan menikmati
6/17/2021 8:59:01,15 s/d 20,Pelajar / Mahasiswa,DKI Jakarta,Ini kali pertama saya mengikutinya,Video,Durasi Pas,Menyelam,IG,Setuju,Setuju,Setuju,Setuju,Setuju,-
6/17/2021 8:59:25,21 s/d 25,Pelajar / Mahasiswa,"Klaten, Jawa Tengah",Ini kali pertama saya mengikutinya,Kuis,Durasi Pas,Mengamati satwa,IG,Setuju,Setuju,Setuju,Setuju,Setuju,video nya tolong versi HD agar enak saat penonton melihat
6/17/2021 9:00:14,21 s/d 25,Pelajar / Mahasiswa,Jambi,Tiga kali,Video,Durasi Pas,Mengamati satwa,IG,Setuju,Setuju,Setuju,Setuju,Setuju,Tetap dilaksanakan virtual tour seluruh Taman Nasional dengan tema yang semakin menarik
6/17/2021 9:00:28,26 s/d 30,Lainnya,Jambi,Lebih dari tiga kali,Pertanyaan,Durasi Pas,Mengamati satwa,Semuanya,Setuju,Tidak Setuju,Tidak Setuju,Setuju,Setuju,Nothing
6/17/2021 9:00:47,21 s/d 25,Wiraswasta,Kayu Aro,Ini kali pertama saya mengikutinya,Video,Durasi Pas,Mengamati satwa,IG,Setuju,Setuju,Setuju,Setuju,Setuju,Saran kami agar lebih banyak lagi virtual tour di semua Kawasan baik itu Taman Nasional maupun Taman wisata yang Ada di Indonesia
6/17/2021 9:01:26,15 s/d 20,Pelajar / Mahasiswa,KalBar,Lebih dari tiga kali,Pembawa Acara,Durasi Pas,Menyusuri Sungai,Semuanya,Setuju,Setuju,Setuju,Setuju,Setuju,-
6/17/2021 9:02:10,15 s/d 20,Pelajar / Mahasiswa,"Kersik tua, kec. Kayu aro, kab. Kerinci",Ini kali pertama saya mengikutinya,Video,Terlalu Lama,Mengamati satwa,IG,Setuju,Tidak Setuju,Tidak Setuju,Setuju,Setuju,Kualiyas vidio bisa diperbaiki lqgi kedepannya
6/17/2021 9:02:42,36>,Pegawai Negri,Padang,Lebih dari tiga kali,Video,Durasi Pas,Mengamati satwa,IG,Setuju,Setuju,Setuju,Setuju,Setuju,"agar lebih diperbanyak lagi variasi virtual nya selain pendakian gunung, bisa juga penyelaman di taman nasional laut, pengamatan satwa ataupun berkunjung ke taman wisata alam yang sangat banyak dan beragam potensinya"
6/17/2021 9:02:57,21 s/d 25,Pelajar / Mahasiswa,Kerinci,Ini kali pertama saya mengikutinya,Pembawa Acara,Durasi Pas,Mengamati satwa,Semuanya,Setuju,Setuju,Setuju,Setuju,Setuju,Audio nya kurang jelas. Mohon untuk virtual tour selanjutnya lebih baik 
6/17/2021 9:03:18,21 s/d 25,Lainnya,Bogor,Tiga kali,Video,Durasi Pas,Mengamati satwa,IG,Setuju,Setuju,Tidak Setuju,Setuju,Setuju,Virtual tour sebaiknya membahas juga tentang kearifan lokal dan pantangan yang berlaku di setiap taman nasional
6/17/2021 9:06:39,15 s/d 20,Pelajar / Mahasiswa,Sungai penuh,Ini kali pertama saya mengikutinya,Video,Durasi Pas,Mengamati satwa,Semuanya,Setuju,Setuju,Setuju,Setuju,Setuju,Mntap
6/17/2021 9:06:45,21 s/d 25,Pelajar / Mahasiswa,Jawa Timur,Tiga kali,Video,Durasi Pas,Menyusuri Sungai,IG,Setuju,Setuju,Setuju,Setuju,Setuju,Untuk kedepannya semoga lebih di perbaiki untuk kualitas vidionya
6/17/2021 9:07:24,36>,Pegawai Negri,Bangko,Ini kali pertama saya mengikutinya,Video,Durasi Pas,Mengamati satwa,YouTube,Setuju,Setuju,Setuju,Setuju,Setuju,Kualitas video supaya bisa ditingkatkan lagi supaya view yg di amati lebih bagus dan menarik
6/17/2021 9:07:50,15 s/d 20,Pelajar / Mahasiswa,Pontianak,Dua kali,Video,Durasi Pas,Menyusuri Sungai,IG,Setuju,Setuju,Setuju,Setuju,Setuju,Video presentasi di zoomnya kalau bisa sedikit di kualitaskan lebih bagus lagi :) 
6/17/2021 9:07:54,31 s/d 35,Wiraswasta,pelompek pasar baru kec. gunung tujuh kab. kerinci,Ini kali pertama saya mengikutinya,Video,Durasi Pas,Mengamati satwa,Semuanya,Setuju,Setuju,Setuju,Setuju,Setuju,semoga berkelanjutan
6/17/2021 9:08:14,21 s/d 25,Wiraswasta,Ponorogo,Dua kali,Video,Durasi Pas,Menyelam,IG,Setuju,Setuju,Setuju,Setuju,Setuju,"Terimakasih atas ilmu2 yang sudah diberikan secara gratis dimasa pandemi ini. Berharap, semoga virtual tour sll berlangsunh tiap tahun dengan usulan tema yang menarik "
6/17/2021 9:08:59,36>,Lainnya,Jalan Jati No 12 Dramaga Bogor Jawa Barat,Dua kali,Video,Durasi Pas,Mengamati satwa,YouTube,Setuju,Setuju,Setuju,Setuju,Setuju,Bravo tim virtual tour..healing forest...taman nasional dan taman wisata alam.
6/17/2021 9:09:16,21 s/d 25,Pelajar / Mahasiswa,"Ulun tanoh KEC, kutapanjang KAB, gayo lues",Ini kali pertama saya mengikutinya,Pertanyaan,Durasi Pas,Menyusuri Sungai,Semuanya,Setuju,Setuju,Setuju,Setuju,Setuju,Saran saya supaya nantinya menjadi lebih baik dan tidak ada rasa lelah untuk memberikan kemajuan yang lebih baik lagi kedepanya. 
6/17/2021 9:15:10,21 s/d 25,Pelajar / Mahasiswa,sungai penuh,Ini kali pertama saya mengikutinya,Video,Durasi Pas,Mengamati satwa,Semuanya,Setuju,Setuju,Setuju,Setuju,Setuju,semoga bisa dilakukan secara offline
6/17/2021 9:18:37,21 s/d 25,Pelajar / Mahasiswa,Uas,Ini kali pertama saya mengikutinya,Video,Terlalu Singkat,Mengamati satwa,Semuanya,Setuju,Setuju,Setuju,Setuju,Setuju,"Sangat menyenangkan,dan ingin bertatap muka langsung"
6/17/2021 9:19:18,21 s/d 25,Pelajar / Mahasiswa,"Kota padang, sumatera barat",Lebih dari tiga kali,Video,Durasi Pas,Mengamati satwa,IG,Setuju,Setuju,Setuju,Setuju,Setuju,Tetap semangat
6/17/2021 9:20:26,15 s/d 20,Pelajar / Mahasiswa,KERINCI,Ini kali pertama saya mengikutinya,Video,Durasi Pas,Mengamati satwa,IG,Setuju,Setuju,Setuju,Setuju,Setuju,Menurut saya virtual tour ini sudah bagus.
6/17/2021 9:20:36,36>,Pegawai Negri,Bangko Jambi,Tiga kali,Video,Terlalu Singkat,Mengamati satwa,IG,Setuju,Setuju,Setuju,Setuju,Setuju,Agar lebih terstruktur Dan dalam membuat video lebih detil agar suasananya benar2 seperti sedang berkunjung
6/17/2021 9:21:03,26 s/d 30,Pegawai Negri,Lubuklinggau Sumsel,Dua kali,Pembawa Acara,Durasi Pas,Mengamati satwa,Semuanya,Setuju,Setuju,Setuju,Setuju,Setuju,Lanjutkan...
6/17/2021 9:21:21,21 s/d 25,Pelajar / Mahasiswa,Klaten,Dua kali,Video,Durasi Pas,Mengamati satwa,IG,Setuju,Setuju,Setuju,Setuju,Setuju,Sudah baik ðŸ¤
6/17/2021 9:21:47,26 s/d 30,Wiraswasta,desa semumu,Lebih dari tiga kali,Pertanyaan,Durasi Pas,Mengamati satwa,Semuanya,Setuju,Setuju,Setuju,Setuju,Setuju,lanjutkan
6/17/2021 9:24:13,31 s/d 35,Pegawai Negri,Sumatera Barat,Ini kali pertama saya mengikutinya,Video,Durasi Pas,Mengamati satwa,YouTube,Setuju,Setuju,Setuju,Setuju,Setuju,Sudah bagus
6/17/2021 9:25:27,36>,Pegawai Negri,Sumsel,Lebih dari tiga kali,Video,Durasi Pas,Menyelam,YouTube,Setuju,Setuju,Setuju,Setuju,Setuju,"Keren siih, hanya ada kendala teknis kualitas audio visual kadang terganggu sinyal mungkin, tetapi guud"
6/17/2021 9:27:35,15 s/d 20,Pelajar / Mahasiswa,Sumatera utara ,Ini kali pertama saya mengikutinya,Video,Durasi Pas,Mengamati satwa,Semuanya,Setuju,Setuju,Setuju,Setuju,Setuju,Kualitas videonya lebih di maksimalkan
6/17/2021 9:27:41,15 s/d 20,Pelajar / Mahasiswa,Bangka Belitung,Tiga kali,Video,Durasi Pas,Menyelam,Semuanya,Setuju,Setuju,Setuju,Setuju,Setuju,Kalau bisa videonya lebih diperjelas lagi kualitasnya. Selebihnya sudah bagus menurut saya. Terima kasih
6/17/2021 9:27:46,26 s/d 30,Wiraswasta,Mukomuko,Ini kali pertama saya mengikutinya,Video,Durasi Pas,Mengamati satwa,IG,Setuju,Setuju,Setuju,Setuju,Setuju,"Lebih baik lagi kedepannya, dan terus semangat buat teman teman petualang dimana pun berada, dan tetap peduli alam dan lingkungan dimanapun tempat teman teman berpetualang"
6/17/2021 9:27:57,21 s/d 25,Pelajar / Mahasiswa,"Dolok Sanggul, Sumatera Utara",Ini kali pertama saya mengikutinya,Video,Durasi Pas,Mengamati satwa,YouTube,Setuju,Setuju,Setuju,Setuju,Setuju,-
6/17/2021 9:31:52,15 s/d 20,Pelajar / Mahasiswa,Kp.buntul musara. Kec.tripejaya. kab.gayo lues prov.aceh,Ini kali pertama saya mengikutinya,Video,Durasi Pas,Mengamati satwa,Website,Setuju,Setuju,Tidak Setuju,Setuju,Setuju,Penjelasan tentang lokasi seharusnya bisa lebih rinci lagi
6/17/2021 9:35:09,15 s/d 20,Pelajar / Mahasiswa,Blangkejeren kab: Gayo Lues,Ini kali pertama saya mengikutinya,Pembawa Acara,Durasi Pas,Mengamati satwa,IG,Setuju,Tidak Setuju,Setuju,Setuju,Setuju,"Udah bagus , good job âœŒï¸"
6/17/2021 9:37:07,21 s/d 25,Pelajar / Mahasiswa,"Kluet Tengah, Kab,Aceh Selatan",Ini kali pertama saya mengikutinya,Video,Durasi Pas,Mengamati satwa,IG,Setuju,Setuju,Setuju,Setuju,Setuju,"Virtual tour kali ini cukup seru untuk di ikuti semoga kedepanya akan di adakan lagi, dengan penambahan tema-tema yang lebih menarik, di tunggu suprise berikut nya."
6/17/2021 9:38:45,36>,Lainnya,Bandar Lampung,Ini kali pertama saya mengikutinya,Video,Durasi Pas,Mengamati satwa,YouTube,Setuju,Setuju,Setuju,Setuju,Tidak Setuju,agar lebih baik
6/17/2021 9:41:34,21 s/d 25,Pelajar / Mahasiswa,Pekanbaru ,Ini kali pertama saya mengikutinya,Video,Durasi Pas,Mengamati satwa,Semuanya,Setuju,Setuju,Setuju,Setuju,Setuju,Mungkin bisa di adakan pada saat weekend
6/17/2021 9:51:42,21 s/d 25,Pelajar / Mahasiswa,"Blangkejeren,gayo lues",Ini kali pertama saya mengikutinya,Video,Durasi Pas,Mengamati satwa,YouTube,Setuju,Setuju,Setuju,Setuju,Setuju,Cukup memberi sebuah pengalaman sekaligus ilmu pelajaran
6/17/2021 10:00:22,15 s/d 20,Pelajar / Mahasiswa,Desa Gegarang kec.Blangjrango_Kabupaten Gayo lues,Ini kali pertama saya mengikutinya,Video,Terlalu Singkat,Mengamati satwa,YouTube,Setuju,Setuju,Setuju,Setuju,Setuju, Bagi saya Virtual tour kali ini udah Cukup baik
6/17/2021 10:03:09,15 s/d 20,Pelajar / Mahasiswa,Toraja Utara,Ini kali pertama saya mengikutinya,Video,Terlalu Lama,Mengamati satwa,IG,Setuju,Setuju,Setuju,Setuju,Setuju,Sudah baik
6/17/2021 10:12:27,36>,Lainnya,jambi,Ini kali pertama saya mengikutinya,Pembawa Acara,Terlalu Lama,Mengamati satwa,Semuanya,Setuju,Setuju,Setuju,Setuju,Setuju,perlu mempertimbangan waktu tayang video. terlalu panjang
6/17/2021 10:44:39,31 s/d 35,Pegawai Negri,Kediri,Lebih dari tiga kali,Video,Durasi Pas,Mengamati satwa,IG,Setuju,Setuju,Setuju,Setuju,Setuju,perlu ditambah dengan simulasi pengamatan flora dan fauna
6/17/2021 11:05:47,36>,Pegawai Negri,Padang,Ini kali pertama saya mengikutinya,Video,Durasi Pas,Mengamati satwa,YouTube,Setuju,Tidak Setuju,Setuju,Setuju,Setuju,kualitas gambar jelek dan modulasi kurang jelas
6/17/2021 11:16:40,21 s/d 25,Lainnya,"Bukittinggi,  Sumatera Barat",Ini kali pertama saya mengikutinya,Video,Durasi Pas,Menyelam,IG,Setuju,Setuju,Setuju,Setuju,Setuju,"Semoga ke depannya juga ada virtual tour menarik lainnya,  seperti kegiatan polisi hutan, serta teman-teman di tnks ataupun bksd,  semangat trus"
6/17/2021 11:18:09,15 s/d 20,Pelajar / Mahasiswa,Aceh,Ini kali pertama saya mengikutinya,Video,Durasi Pas,Mengamati satwa,YouTube,Setuju,Tidak Setuju,Tidak Setuju,Setuju,Tidak Setuju,Videonya kurang jernih aja.
6/17/2021 11:27:03,26 s/d 30,Lainnya,Ende,Tiga kali,Video,Durasi Pas,Mengamati satwa,IG,Setuju,Setuju,Setuju,Setuju,Setuju,"Video yang dibuat oleh setiap balai sangat baik. Namun kualitas video yang ditayangkan dalam zoom meeting maupun youtube terlihat tidak bagus. Jadi pemandangan yang seharusnya terlihat indah, jadi berkurang keindahannya. Hal ini sangat disayangkan, karena rekan-rekan di lapangan telah bekerja keras untuk membuat dan mengambil gambar yang bagus dan tentunya tidak mudah membawa peralatan pengambilan gambar dalam pendakian. Tetapi pada saat ditayangkan kualitas video tersebut malah tidak maksimal."
6/17/2021 14:29:02,21 s/d 25,Pelajar / Mahasiswa,sungai penuh,Ini kali pertama saya mengikutinya,Video,Durasi Pas,Mengamati satwa,Semuanya,Setuju,Setuju,Setuju,Setuju,Setuju,semoga bisa dilakukan secara offline
6/18/2021 17:47:28,15 s/d 20,Pelajar / Mahasiswa,Aceh jaya,Ini kali pertama saya mengikutinya,Video,Durasi Pas,Mengamati satwa,Semuanya,Setuju,Setuju,Setuju,Setuju,Setuju,Sangat bagus
6/22/2021 8:53:36,21 s/d 25,Pelajar / Mahasiswa,Denpasar,Lebih dari tiga kali,Video,Durasi Pas,Menyusuri Sungai,IG,Setuju,Setuju,Setuju,Setuju,Setuju,"Kadang masih ada jeda di VT, kalau diperbaiki bisa menjadi semakin bagus"
6/22/2021 8:54:53,36>,Pegawai Negri,Semarang,Ini kali pertama saya mengikutinya,Video,Terlalu Singkat,Menyusuri Sungai,IG,Setuju,Setuju,Setuju,Setuju,Setuju,"Virtual Tour ini bagus buat menambah pengetahuan tentang Taman Nasional, baik jalur pendakian,flora fauna dan adat budaya.."
6/22/2021 8:56:46,31 s/d 35,Pegawai Negri,Jln Kelimutu ,Ini kali pertama saya mengikutinya,Video,Terlalu Singkat,Menyusuri Sungai,Semuanya,Setuju,Setuju,Setuju,Setuju,Setuju,Semoga selalu dapat menjadi media informasi untuk kami terus berpetualang
6/22/2021 8:58:34,26 s/d 30,Lainnya,Jambi,Lebih dari tiga kali,Video,Durasi Pas,Mengamati satwa,IG,Setuju,Setuju,Setuju,Setuju,Setuju,-
6/22/2021 8:59:49,15 s/d 20,Pelajar / Mahasiswa,"Jl. Pinus 1 No 28A Perum Puribeta, Larangan, Tangerang",Ini kali pertama saya mengikutinya,Video,Durasi Pas,Menyusuri Sungai,IG,Setuju,Setuju,Tidak Setuju,Setuju,Setuju,Nothing here.... 
6/22/2021 8:59:59,36>,Pegawai Negri,TN Kep Togean,Lebih dari tiga kali,Video,Durasi Pas,Menyelam,Semuanya,Setuju,Tidak Setuju,Setuju,Setuju,Tidak Setuju,Hostnya bersahut2an terlalu singkat ðŸ™
6/22/2021 9:00:28,31 s/d 35,Wiraswasta,Kecamatan Kelimutu Desa Woloara,Dua kali,Kuis,Durasi Pas,Mengamati satwa,YouTube,Setuju,Setuju,Setuju,Setuju,Setuju,"Secara umum sudah ok dan baik... mungkin waktunya saja yang perlu dipertimbangkan ulang karena jam begini Masi sibuk kerja,baiknya ambil waktu sore disaat lagi santai sehingga benar-benar mengikuti dengan baik ðŸ™ðŸ™"
6/22/2021 9:01:11,21 s/d 25,Pelajar / Mahasiswa,"Jln Kimang buleng.1 RT 001 RW 008 Kel. Kota Uneng Kec.Alok kabupaten SIKKA, Maumere, NTT",Ini kali pertama saya mengikutinya,Video,Durasi Pas,Mengamati satwa,Website,Setuju,Setuju,Setuju,Setuju,Setuju,"Terimakasih untuk TN Kelimutu yang telah memberikan informasi edukatif dengan menyelenggarakan tayangan Virtual tour, tayangan sangat keren dan memanjakan mata, tetapi ada sedikit kekurangan yang yaitu kualitas videonya agak pecah. Tabe TN Kelimutu, jaya selalu."
6/22/2021 9:01:33,36>,Wiraswasta,Desa Koanara. Moni -Kelimutu,Ini kali pertama saya mengikutinya,Video,Terlalu Singkat,Mengamati satwa,YouTube,Setuju,Setuju,Setuju,Setuju,Setuju,Semoga lebih menunjukan sisi budayanya.
6/22/2021 9:01:52,36>,Lainnya,Jakarta Selatan,Ini kali pertama saya mengikutinya,Video,Durasi Pas,Menyelam,IG,Setuju,Setuju,Setuju,Setuju,Setuju,"Acara seperti ini bagus, mengobati kerinduan traveling ditengah pandemi"
6/22/2021 9:03:38,15 s/d 20,Pelajar / Mahasiswa,Bogor,Ini kali pertama saya mengikutinya,Video,Durasi Pas,Menyelam,Semuanya,Setuju,Setuju,Setuju,Setuju,Setuju,kualitas video masih kurang memuaskan
6/22/2021 9:04:35,36>,Pegawai Negri,Moni Kec. Kelimutu kab Ende,Tiga kali,Pembawa Acara,Durasi Pas,Mengamati satwa,Semuanya,Setuju,Setuju,Setuju,Setuju,Setuju,Virtual tour seperti ini bisa diLanjutkan terus selama masa pandemi ini
6/22/2021 9:05:37,26 s/d 30,Lainnya,Bandung,Dua kali,Pembawa Acara,Terlalu Singkat,Menyelam,Semuanya,Setuju,Setuju,Setuju,Setuju,Setuju,kualitas video perlu diperbaiki
6/22/2021 9:06:19,21 s/d 25,Pelajar / Mahasiswa,Aceh,Lebih dari tiga kali,Video,Durasi Pas,Menyelam,Semuanya,Setuju,Setuju,Setuju,Setuju,Setuju,Kualitas video ditingkatkan
6/22/2021 9:08:59,36>,Lainnya,Villa ciomas indah blok H4 No 5 Rt 05 rw 14;desa ciomas rahayu kec ciomas kab bogor 16610,Dua kali,Video,Durasi Pas,Menyelam,IG,Setuju,Setuju,Setuju,Setuju,Setuju,Sudah bagus cuma explore wilayah nya lebih luas laginya
6/22/2021 9:09:26,36>,Pegawai Negri,Labuan Bajo,Ini kali pertama saya mengikutinya,Video,Durasi Pas,Menyelam,IG,Setuju,Setuju,Setuju,Setuju,Setuju,Lebih disebar luas lagi informasinya lewat medsos
6/22/2021 9:31:33,26 s/d 30,Pelajar / Mahasiswa,PONOROGO JAWA TIMUR,Tiga kali,Kuis,Durasi Pas,Mengamati satwa,Semuanya,Setuju,Setuju,Setuju,Setuju,Setuju,Keren
6/22/2021 9:39:25,36>,Wiraswasta,"Apartemen Gading Icon Tower A 17/21D, Pulogadung, Jakarta Timur",Ini kali pertama saya mengikutinya,Video,Terlalu Singkat,Mengamati satwa,Semuanya,Setuju,Setuju,Setuju,Setuju,Setuju,suara host yang berada di lokasi sering tidak jelas... Sayang sekali jawaban pertanyaan dari host di lokasi gak terdengar jelas
6/22/2021 10:00:34,36>,Pegawai Negri,BOGOR,Lebih dari tiga kali,Video,Durasi Pas,Menyusuri Sungai,YouTube,Setuju,Setuju,Setuju,Setuju,Setuju,"Host nya senatural mungkin.....(jangan seperti guru TK yaaa,,,)"
6/22/2021 10:09:41,31 s/d 35,Lainnya,Putussibau Kalimantan barat,Tiga kali,Video,Durasi Pas,Menyusuri Sungai,IG,Setuju,Setuju,Setuju,Setuju,Setuju,"Sudah mantap,,,paling yg mengganggu jaringan aj sich,,yg bikin patah2 ngikutinya,...
"
6/22/2021 10:19:40,26 s/d 30,Lainnya,Bandung,Tiga kali,Video,Durasi Pas,Mengamati satwa,IG,Setuju,Setuju,Setuju,Setuju,Setuju,Mantap
6/22/2021 10:22:08,31 s/d 35,Pegawai Negri,Kupang NTT,Ini kali pertama saya mengikutinya,Video,Durasi Pas,Mengamati satwa,Semuanya,Setuju,Setuju,Setuju,Setuju,Setuju,Lebih banyak melibatkan masyrakat dalam berinteraksi
6/22/2021 10:23:27,31 s/d 35,Wiraswasta,Depok,Ini kali pertama saya mengikutinya,Video,Durasi Pas,Mengamati satwa,IG,Setuju,Setuju,Setuju,Setuju,Setuju,Sudah sangat baik sekali.. sukses terus kedepannya. 
6/22/2021 22:36:36,26 s/d 30,Pegawai Negri,"Subulussalam, Aceh",Lebih dari tiga kali,Video,Durasi Pas,Mengamati satwa,Semuanya,Setuju,Setuju,Setuju,Setuju,Setuju,"Kualitas video kadang kurang jelas, tapi saya juga kurang paham apakah memang dari sananya seperti itu, atau kualitas jaringan di sayanya yang kurang bagus."
6/24/2021 9:15:40,21 s/d 25,Pelajar / Mahasiswa,Kuningan,Ini kali pertama saya mengikutinya,Pembawa Acara,Durasi Pas,Menyelam,Semuanya,Setuju,Setuju,Setuju,Setuju,Setuju,-
6/24/2021 9:16:01,26 s/d 30,Pegawai Negri,Jambi,Ini kali pertama saya mengikutinya,Video,Durasi Pas,Menyelam,IG,Setuju,Setuju,Setuju,Setuju,Setuju,Lebih banyak lokasi
6/24/2021 9:16:04,26 s/d 30,Lainnya,Tanggerang Selatan,Lebih dari tiga kali,Video,Terlalu Singkat,Mengamati satwa,Semuanya,Setuju,Setuju,Setuju,Setuju,Setuju,Durasi nya agar ditambah
6/24/2021 9:16:30,36>,Lainnya,Jakarta,Lebih dari tiga kali,Video,Durasi Pas,Mengamati satwa,Semuanya,Setuju,Setuju,Setuju,Setuju,Setuju,Sudah cukup baik 
6/24/2021 9:16:33,26 s/d 30,Pelajar / Mahasiswa,PONOROGO JAWA TIMUR,Lebih dari tiga kali,Kuis,Durasi Pas,Mengamati satwa,Semuanya,Setuju,Setuju,Setuju,Setuju,Setuju,KEREN
6/24/2021 9:16:37,26 s/d 30,Pelajar / Mahasiswa,Tangerang,Dua kali,Pertanyaan,Terlalu Lama,Menyusuri Sungai,YouTube,Setuju,Setuju,Setuju,Setuju,Setuju,Dibikin lebih menarik ka
6/24/2021 9:16:39,21 s/d 25,Pelajar / Mahasiswa,Pontianak,Lebih dari tiga kali,Video,Durasi Pas,Mengamati satwa,IG,Setuju,Setuju,Setuju,Setuju,Setuju,Mungkin lebih diperhatikan lagi terkait sinyal yang digunakan dilokasi dan juga kualitas video yg ditampilkan
6/24/2021 9:17:07,21 s/d 25,Pelajar / Mahasiswa,Cianjur,Ini kali pertama saya mengikutinya,Video,Durasi Pas,Menyelam,IG,Setuju,Setuju,Setuju,Setuju,Setuju,"Tampilan videonya di zoom emang agak pecah-pecah atau koneksi saya yg kurang bagus ya? Di luar itu semua, sudah sangat oke. Terima kasih banyak sudah memfasilitasi virtual tour, semoga sehat selalu semuanya ðŸ‘ðŸ»"
6/24/2021 9:17:08,21 s/d 25,Pelajar / Mahasiswa,Cirebon Kabupaten,Ini kali pertama saya mengikutinya,Video,Durasi Pas,Menyusuri Sungai,IG,Setuju,Setuju,Setuju,Setuju,Setuju,"Udah bagus koo,  cuma terkendala gangguan sinyal ajaaa"
6/24/2021 9:17:10,36>,Pegawai Negri,Bengkulu,Ini kali pertama saya mengikutinya,Video,Durasi Pas,Mengamati satwa,YouTube,Setuju,Setuju,Setuju,Setuju,Setuju,sosialisasi harus lebih luas lagi di semua akun media sosial KLHK
6/24/2021 9:17:14,21 s/d 25,Lainnya,Kota Bekasi,Ini kali pertama saya mengikutinya,Video,Durasi Pas,Mengamati satwa,Semuanya,Setuju,Setuju,Setuju,Setuju,Setuju,Enggak ada karena saat saya ikut VT semuanya lancar.
6/24/2021 9:18:02,36>,Pegawai Negri,Yogyakarta,Lebih dari tiga kali,Video,Terlalu Lama,Menyelam,Semuanya,Setuju,Setuju,Setuju,Setuju,Setuju,"untuk yang di upload di you tube video aslinya, sehingga kualitas gambar lebih baik"
6/24/2021 9:18:15,21 s/d 25,Lainnya,Kab. Kuningan,Ini kali pertama saya mengikutinya,Pembawa Acara,Durasi Pas,Mengamati satwa,IG,Setuju,Setuju,Setuju,Setuju,Setuju,"dipersiapkan agar sinyal yang membawakan acara tidak buffer, sehingga peserta tidak menunggu terlalu lama"
6/24/2021 9:18:16,21 s/d 25,Pelajar / Mahasiswa,Ponorogo,Tiga kali,Video,Durasi Pas,Mengamati satwa,IG,Setuju,Setuju,Setuju,Setuju,Setuju,Semoga tetap lancar memotivasi conservationmate
6/24/2021 9:19:06,26 s/d 30,Lainnya,Bandung,Ini kali pertama saya mengikutinya,Video,Durasi Pas,Mengamati satwa,IG,Setuju,Setuju,Setuju,Setuju,Setuju,Lebih di persiapkan dengan matang lagi untuk bandwitch nya 
6/24/2021 9:19:12,15 s/d 20,Pelajar / Mahasiswa,Desa sukalila Blok Janggeleng Rt 02 Rw 01 Jatibarang Indramayu,Ini kali pertama saya mengikutinya,Video,Durasi Pas,Mengamati satwa,Website,Setuju,Setuju,Setuju,Setuju,Setuju,"Lebih baik buat kedepannya, selalu menyajikan keindahan ke indahan gunung ciremai '' lindungi alam maka alam akan melindungi kita ''"
6/24/2021 9:19:17,15 s/d 20,Pelajar / Mahasiswa,"Cirebon, Jawa Barat",Dua kali,Kuis,Terlalu Lama,Mengamati satwa,Semuanya,Setuju,Tidak Setuju,Setuju,Setuju,Setuju,Mengadakan acara seperti ini lagi secara tatap wajah dengan dibatasi kuota pesertanya
6/24/2021 9:19:46,36>,Pegawai Negri,Bogor,Lebih dari tiga kali,Kuis,Terlalu Singkat,Menyelam,YouTube,Setuju,Setuju,Setuju,Setuju,Setuju,Lebih Interaktif lg..
6/24/2021 9:19:56,31 s/d 35,Lainnya,Majalengka,Ini kali pertama saya mengikutinya,Video,Durasi Pas,Menyelam,IG,Setuju,Setuju,Setuju,Setuju,Setuju,"kegiatan sudah baik, namun selalu tingkatkan kembali konten2 acaranya dan variasi seperti menyelam dan lain2"
6/24/2021 9:20:46,15 s/d 20,Pelajar / Mahasiswa,KALIMANTAN TIMUR,Tiga kali,Video,Durasi Pas,Mengamati satwa,Semuanya,Setuju,Setuju,Setuju,Setuju,Setuju,Sudah cukup  baik.namun harus di tingkatkan kualitas vidio
6/24/2021 9:20:55,15 s/d 20,Pelajar / Mahasiswa,Kuningan,Ini kali pertama saya mengikutinya,Video,Durasi Pas,Menyelam,IG,Setuju,Setuju,Setuju,Setuju,Setuju,Semoga kualitas video makin jernih ka
6/24/2021 9:21:04,31 s/d 35,Wiraswasta,Kabupaten Kuningan,Ini kali pertama saya mengikutinya,Video,Durasi Pas,Mengamati satwa,IG,Setuju,Tidak Setuju,Setuju,Setuju,Setuju,Pertahankan untuk selalu bisa menyajikan acara edukatif dan informatif seperti ini. Teirma kasih.
6/24/2021 9:22:26,15 s/d 20,Pelajar / Mahasiswa,Pamijahan bogor,Ini kali pertama saya mengikutinya,Video,Durasi Pas,Mengamati satwa,IG,Setuju,Setuju,Setuju,Setuju,Setuju,Sudah bagus
6/24/2021 9:23:27,21 s/d 25,Lainnya,Pekalongan,Ini kali pertama saya mengikutinya,Video,Durasi Pas,Mengamati satwa,IG,Setuju,Setuju,Setuju,Setuju,Setuju,"video & audio tidak stabil, mohon diperbaiki untuk kedepannya supaya informasi tersampaikan dengan jelas, terimakasihðŸ™ðŸ»"
6/24/2021 9:23:33,21 s/d 25,Pelajar / Mahasiswa,Riau,Dua kali,Video,Terlalu Lama,Menyelam,Semuanya,Setuju,Setuju,Setuju,Setuju,Setuju,"Sekali2 di adakan saat weekend, karena di hari weekday biasanya ada kuliah"
6/24/2021 9:24:40,15 s/d 20,Pelajar / Mahasiswa,Kuningan - Bandung,Ini kali pertama saya mengikutinya,Pertanyaan,Durasi Pas,Mengamati satwa,IG,Setuju,Setuju,Setuju,Setuju,Setuju,"Saran dari saya, mungkin dari jaringan yang kurang stabil dan menyebabkan gangguan dalam acara ini, selebihnya mantap, sukses selalu buat semuanya, salam lestariðŸ™Œ"
6/24/2021 9:25:57,36>,Pegawai Negri,Bogor,Dua kali,Video,Durasi Pas,Menyusuri Sungai,Website,Setuju,Setuju,Setuju,Setuju,Setuju,masalah teknis diperbaiki
6/24/2021 9:26:41,15 s/d 20,Pelajar / Mahasiswa,Provinsi Jambi,Ini kali pertama saya mengikutinya,Video,Durasi Pas,Menyusuri Sungai,IG,Setuju,Setuju,Setuju,Setuju,Setuju,saran saya mungkin lebih diseringkan lagi virtua tour seperti ini
6/24/2021 9:26:45,36>,Lainnya,Kalimantan Selatan,Lebih dari tiga kali,Video,Durasi Pas,Mengamati satwa,Semuanya,Setuju,Setuju,Setuju,Setuju,Setuju,sudah sangat baik 
6/24/2021 9:27:26,36>,Pegawai Negri,Kendari,Dua kali,Video,Durasi Pas,Mengamati satwa,IG,Setuju,Setuju,Setuju,Setuju,Setuju,Hostx klo bisa dari kalangan selebritis n mngkin bisa dilibatkanjuga Kementerian Pariwisata dan Ekonomi Kreatif dalam hal promosi..
6/24/2021 9:31:26,36>,Pegawai Negri,Boyolali,Lebih dari tiga kali,Video,Durasi Pas,Menyelam,IG,Setuju,Setuju,Setuju,Setuju,Setuju,jam pelaksanaan mungkin agak siang dikit biar bisa mengikuti selalu
6/24/2021 9:44:37,21 s/d 25,Pelajar / Mahasiswa,Indonesia ,Dua kali,Video,Durasi Pas,Mengamati satwa,IG,Setuju,Setuju,Setuju,Setuju,Setuju,Sudah pas dan bagus banget
6/24/2021 9:48:47,36>,Lainnya,Jakarta ,Lebih dari tiga kali,Video,Durasi Pas,Mengamati satwa,IG,Setuju,Setuju,Setuju,Setuju,Setuju,Maju terus
6/24/2021 10:00:22,21 s/d 25,Pelajar / Mahasiswa,Indonesia ,Dua kali,Video,Durasi Pas,Mengamati satwa,IG,Setuju,Setuju,Setuju,Setuju,Setuju,Sudah pas dan bagus banget
6/24/2021 10:15:50,21 s/d 25,Pelajar / Mahasiswa,Bekasi,Lebih dari tiga kali,Video,Durasi Pas,Mengamati satwa,IG,Setuju,Setuju,Setuju,Setuju,Setuju,"Saat melakukan perjalanan, pemandu agar ikut menjelaskan dengan rinci mengenai SDA yang ada. Agar memberi teman teman banyak pengetahuan baru yang tidak kita dapat di media maistream."
6/24/2021 10:15:55,21 s/d 25,Lainnya,Kota Bogor,Lebih dari tiga kali,Video,Durasi Pas,Mengamati satwa,IG,Setuju,Setuju,Tidak Setuju,Setuju,Setuju,"Membahas gunung merapi, salak, dan gede pangrango pada waktu yang akan datang."
6/24/2021 10:16:04,36>,Lainnya,Kuningan,Ini kali pertama saya mengikutinya,Video,Terlalu Lama,Mengamati satwa,IG,Setuju,Setuju,Setuju,Setuju,Setuju,Semoga kedepannya sound lebih clear lagi. Karena tadi terdengar kurang jelas.
6/24/2021 10:18:27,15 s/d 20,Pelajar / Mahasiswa,Jakarta,Lebih dari tiga kali,Video,Durasi Pas,Mengamati satwa,Semuanya,Setuju,Setuju,Setuju,Setuju,Setuju,Mungkin dari segi kualitas vidio dan suara aja ya kadang masih suka nge frezee dan putus-putus
6/24/2021 10:19:00,21 s/d 25,Pelajar / Mahasiswa,Tangerang Selatan,Ini kali pertama saya mengikutinya,Video,Durasi Pas,Menyusuri Sungai,IG,Setuju,Setuju,Setuju,Setuju,Setuju,Tingkatkan kualitas vokal pemateri maupun pembawa acara
6/24/2021 10:19:51,21 s/d 25,Pelajar / Mahasiswa,Klaten,Dua kali,Video,Terlalu Lama,Mengamati satwa,IG,Setuju,Setuju,Setuju,Setuju,Setuju,baguss bangett acaranya
6/24/2021 10:20:49,15 s/d 20,Pelajar / Mahasiswa,Jakarta,Ini kali pertama saya mengikutinya,Pertanyaan,Durasi Pas,Mengamati satwa,IG,Setuju,Setuju,Setuju,Setuju,Setuju,Kedepannya semoga bisa membahas flora dan fauna yg ada di TNGC
6/24/2021 10:20:56,21 s/d 25,Pelajar / Mahasiswa,Sumatera Selatan,Ini kali pertama saya mengikutinya,Video,Durasi Pas,Mengamati satwa,IG,Setuju,Setuju,Setuju,Setuju,Setuju,y
6/24/2021 10:22:05,21 s/d 25,Wiraswasta,Wancimrkar Kotabaru Karawang Jawabarat,Lebih dari tiga kali,Video,Durasi Pas,Mengamati satwa,Semuanya,Setuju,Setuju,Setuju,Setuju,Setuju,Jaringan 
6/24/2021 10:22:56,15 s/d 20,Pelajar / Mahasiswa,Pontianak,Lebih dari tiga kali,Video,Durasi Pas,Menyusuri Sungai,Semuanya,Setuju,Setuju,Setuju,Setuju,Setuju,Everything it's okay. Amaze
6/24/2021 10:23:23,36>,Lainnya,Bekasi,Ini kali pertama saya mengikutinya,Video,Durasi Pas,Mengamati satwa,YouTube,Setuju,Setuju,Setuju,Setuju,Setuju,sudah cukup
6/24/2021 10:24:14,15 s/d 20,Pelajar / Mahasiswa,Provinsi Jambi,Ini kali pertama saya mengikutinya,Video,Durasi Pas,Menyusuri Sungai,IG,Setuju,Setuju,Setuju,Setuju,Setuju,semoga bisa mengadakan tour yang bukan hanya sekear virtual
6/24/2021 10:24:24,31 s/d 35,Pegawai Negri,BOGOR,Lebih dari tiga kali,Video,Durasi Pas,Menyelam,Semuanya,Setuju,Setuju,Setuju,Setuju,Setuju,semoga virtual tour seri menyelam akan diadakan untuk sesi berikutnya
6/24/2021 10:27:34,21 s/d 25,Pelajar / Mahasiswa,Bekasi,Lebih dari tiga kali,Video,Durasi Pas,Mengamati satwa,IG,Setuju,Setuju,Setuju,Setuju,Setuju,"Saat melakukan perjalanan, pemandu agar ikut menjelaskan dengan rinci mengenai SDA yang ada. Agar memberi teman teman banyak pengetahuan baru yang tidak kita dapat di media maistream."
6/24/2021 10:31:42,21 s/d 25,Pelajar / Mahasiswa,Bogor,Ini kali pertama saya mengikutinya,Video,Durasi Pas,Menyelam,YouTube,Setuju,Setuju,Setuju,Setuju,Setuju,"Lebih ditingkatkan lagi kualitas gambarnya, dan lebih banyak lagi lokasi untuk dilakukan virtual tour"
6/24/2021 10:38:54,21 s/d 25,Wiraswasta,BALIKPAPAN,Ini kali pertama saya mengikutinya,Video,Durasi Pas,Menyelam,IG,Setuju,Setuju,Setuju,Setuju,Setuju,Next Kualitas Videonya lebih diperhatikan
6/24/2021 11:26:10,36>,Wiraswasta,bandung,Ini kali pertama saya mengikutinya,Video,Durasi Pas,Menyelam,IG,Setuju,Setuju,Setuju,Setuju,Setuju,memberikan pengetahuan dasar dalam menjaga lingkungan hidup pada generasi muda
6/24/2021 11:48:10,26 s/d 30,Pelajar / Mahasiswa,"Cipondoh, Tangerang",Ini kali pertama saya mengikutinya,Video,Durasi Pas,Menyelam,IG,Setuju,Setuju,Setuju,Setuju,Setuju,"seru menarik, hanya beberapa kali sepertinya terkendala sinyal saja. "
6/29/2021 9:07:51,31 s/d 35,Lainnya,Bekasi,Ini kali pertama saya mengikutinya,Video,Durasi Pas,Mengamati satwa,IG,Setuju,Setuju,Setuju,Setuju,Setuju,kualitas vide ditingkatkan
6/29/2021 9:08:15,21 s/d 25,Pelajar / Mahasiswa,Pekanbaru riau,Lebih dari tiga kali,Video,Terlalu Singkat,Menyelam,IG,Setuju,Setuju,Setuju,Setuju,Setuju,Suara terkadang tidak terdengar
6/29/2021 9:09:47,36>,Pegawai Negri,sidoarjo,Lebih dari tiga kali,Video,Durasi Pas,Mengamati satwa,Semuanya,Setuju,Setuju,Setuju,Setuju,Setuju,keren
6/29/2021 9:10:02,21 s/d 25,Pelajar / Mahasiswa,JAWA TENGAH,Ini kali pertama saya mengikutinya,Video,Durasi Pas,Mengamati satwa,YouTube,Setuju,Setuju,Setuju,Setuju,Setuju,Mantap
6/29/2021 9:10:08,21 s/d 25,Pelajar / Mahasiswa,"Cianjur, Jawa Barat",Dua kali,Video,Durasi Pas,Menyelam,IG,Setuju,Setuju,Setuju,Setuju,Setuju,Cakeeeeppp
6/29/2021 9:10:23,26 s/d 30,Pegawai Negri,denpasar,Ini kali pertama saya mengikutinya,Video,Durasi Pas,Menyelam,IG,Setuju,Setuju,Setuju,Setuju,Setuju,pertahankan kegiatan ini untuk  mengisi liburan anak2 sekolah
6/29/2021 9:11:55,26 s/d 30,Wiraswasta,Lumajang,Ini kali pertama saya mengikutinya,Video,Durasi Pas,Mengamati satwa,Semuanya,Setuju,Setuju,Setuju,Setuju,Setuju,semoga lebih baik dan semakin keren
6/29/2021 9:12:42,36>,Lainnya,DKI Jakarta,Ini kali pertama saya mengikutinya,Video,Durasi Pas,Menyusuri Sungai,YouTube,Setuju,Setuju,Setuju,Setuju,Setuju,Lebih detail lagi tempat tempatnya
6/29/2021 9:14:17,36>,Pegawai Negri,Depok,Ini kali pertama saya mengikutinya,Video,Durasi Pas,Menyusuri Sungai,Semuanya,Setuju,Setuju,Setuju,Setuju,Setuju,tetap dipertahankan yg sudah ada dan lebih banyak di explore utk penayangannya sehingga kita bisa lebih bany mengetahui informasi dan lebih membuat tertarik untk berkunjung ke taman nasional atau TWA 
6/29/2021 9:14:46,21 s/d 25,Pelajar / Mahasiswa,Klaten,Tiga kali,Kuis,Durasi Pas,Mengamati satwa,IG,Setuju,Setuju,Setuju,Setuju,Setuju,"dibanyakin hadiahnya
kaa maaf kemaren saya menang kuis zoom pas taman nasional Gunung Ciremai namun nama saya kok diganti jadi Anita saya sudah DM ke Taman Nasional Gunung Ciremai Namun tdk ditanggapi. Mohon bantuannya min a.n Annisa Dyah Probondari "
6/29/2021 9:17:13,21 s/d 25,Pelajar / Mahasiswa,Malang,Lebih dari tiga kali,Video,Terlalu Singkat,Mengamati satwa,Semuanya,Setuju,Tidak Setuju,Setuju,Setuju,Setuju,"Kualitas Vidio, dan pembawa acara"
6/29/2021 9:17:21,15 s/d 20,Pelajar / Mahasiswa,"Banyuwangi, Jawa Timur",Ini kali pertama saya mengikutinya,Pembawa Acara,Durasi Pas,Mengamati satwa,IG,Setuju,Setuju,Setuju,Setuju,Setuju,"Sudah bagus, sering-sering bikin acara virtual tour ya.. ðŸ¥³ðŸ¥°"
6/29/2021 9:25:47,15 s/d 20,Pelajar / Mahasiswa,Kabupaten Tasikmalaya,Ini kali pertama saya mengikutinya,Video,Durasi Pas,Menyusuri Sungai,IG,Setuju,Setuju,Setuju,Setuju,Setuju,Semoga bisa memberikan informasi terkait jumlah satwa2 langka yg ada di taman nasional Seperti macan tutul jawa
6/29/2021 9:45:48,21 s/d 25,Pelajar / Mahasiswa,"Sumedang, Jawa Barat",Ini kali pertama saya mengikutinya,Video,Durasi Pas,Mengamati satwa,YouTube,Setuju,Setuju,Setuju,Setuju,Setuju,"Saran saya, video virtual tour ini bisa dibuat aksesnya lebih mudah. Karena melalui zoom meeting kualitas pemutaran video sangat bergantung kepada kualitas internet dari peserta. Video dengan suara terputus-putus dapat menurunkan kualitas pemutarannya. Tapi, overall kontennya sudah sangat bagus. Semangat selalu!"
6/29/2021 9:55:35,26 s/d 30,Pegawai Negri,Subulussalam,Lebih dari tiga kali,Kuis,Durasi Pas,Menyelam,Semuanya,Setuju,Setuju,Setuju,Setuju,Setuju,Adain hadiah tiket wisata ke tempat yg menyelenggarakan VT plus akomodasi hehe.. 
6/29/2021 10:34:51,26 s/d 30,Lainnya,Bandung,Lebih dari tiga kali,Video,Durasi Pas,Mengamati satwa,IG,Setuju,Setuju,Setuju,Setuju,Setuju,sudah cukup baik
7/1/2021 9:36:43,26 s/d 30,Wiraswasta,Jl. Perdagangan/Warung Santai Nomor 80 Dusun Maghfirah Kampong Subulussalam Utara Kecamatan Simpang Kiri Kota Subulussalam Provinsi Aceh Kode Pos 24782,Lebih dari tiga kali,Video,Durasi Pas,Mengamati satwa,IG,Setuju,Setuju,Setuju,Setuju,Setuju,Perbanyak lagi informasi tentang taman nasional
7/1/2021 9:36:50,36>,Lainnya,Bogor,Tiga kali,Video,Durasi Pas,Mengamati satwa,Semuanya,Setuju,Setuju,Setuju,Setuju,Setuju,Presenterter & host tetap ketat menjaga proses memakai masker dll..brafo VT healing forest....
7/1/2021 9:36:52,36>,Pegawai Negri,Cianjur,Ini kali pertama saya mengikutinya,Video,Durasi Pas,Mengamati satwa,Website,Setuju,Setuju,Setuju,Setuju,Setuju,penjelasan peraturan dan potensi di sepanjang jalur pendakian
7/1/2021 9:37:03,21 s/d 25,Lainnya,Bogor,Ini kali pertama saya mengikutinya,Video,Durasi Pas,Mengamati satwa,Website,Setuju,Setuju,Setuju,Setuju,Setuju,Lebih diseringkan
7/1/2021 9:37:12,15 s/d 20,Pelajar / Mahasiswa,DKI Jakarta,Ini kali pertama saya mengikutinya,Video,Durasi Pas,Mengamati satwa,IG,Setuju,Setuju,Setuju,Setuju,Setuju,Banyakin dorprize nya hehe
7/1/2021 9:37:25,21 s/d 25,Pelajar / Mahasiswa,Bogor,Ini kali pertama saya mengikutinya,Video,Durasi Pas,Mengamati satwa,IG,Setuju,Setuju,Setuju,Setuju,Setuju,"Kualitas penanyangan video kurang baik, 
Coba untuk membuat video dengan kualitas HD"
7/1/2021 9:37:41,31 s/d 35,Pegawai Negri,jakarta,Ini kali pertama saya mengikutinya,Video,Durasi Pas,Menyusuri Sungai,IG,Setuju,Setuju,Setuju,Setuju,Setuju,semoga kedepannya videonya bs dalam bentuk HD biar lebih jelas. saat ini videonya masih suka ngeblur.
7/1/2021 9:37:56,36>,Pegawai Negri,Lampung,Ini kali pertama saya mengikutinya,Video,Durasi Pas,Menyelam,YouTube,Setuju,Setuju,Setuju,Setuju,Setuju,sering2 adakan acr
7/1/2021 9:37:57,31 s/d 35,Lainnya,Bekasi,Ini kali pertama saya mengikutinya,Video,Terlalu Lama,Menyelam,IG,Setuju,Setuju,Setuju,Setuju,Setuju,Video nya kadang suka ngelag
7/1/2021 9:38:04,36>,Pegawai Negri,Desa/ Kecamatan Rajadesa Kabupaten Ciamias- Jabar,Ini kali pertama saya mengikutinya,Video,Durasi Pas,Mengamati satwa,Semuanya,Setuju,Setuju,Setuju,Setuju,Setuju,Mantap Lanjutkan terus
7/1/2021 9:38:25,21 s/d 25,Wiraswasta,cibinong,Ini kali pertama saya mengikutinya,Video,Durasi Pas,Mengamati satwa,IG,Setuju,Setuju,Setuju,Setuju,Setuju,kulitas video 
7/1/2021 9:38:28,36>,Pegawai Negri,Cianjur,Dua kali,Video,Durasi Pas,Mengamati satwa,IG,Setuju,Setuju,Setuju,Setuju,Setuju,Diperbanyak interaksi dengan penonton
7/1/2021 9:38:39,36>,Pegawai Negri,Kabupaten Kuningan,Ini kali pertama saya mengikutinya,Pertanyaan,Durasi Pas,Mengamati satwa,IG,Setuju,Setuju,Setuju,Setuju,Setuju,Makin perbaiki lagi video virtualnya
7/1/2021 9:38:42,31 s/d 35,Wiraswasta,Bekasi,Ini kali pertama saya mengikutinya,Video,Durasi Pas,Menyelam,IG,Setuju,Setuju,Setuju,Setuju,Setuju,"Kualitas video, dan koneksi agar diperbaiki. agar kami yang menyaksikan dapat mendapat gambar/visual yang HD. "
7/1/2021 9:38:44,31 s/d 35,Lainnya,cianjur ,Dua kali,Video,Durasi Pas,Mengamati satwa,Semuanya,Setuju,Setuju,Setuju,Setuju,Setuju,terkendala jaringan menjadikan video terputus2
7/1/2021 9:38:44,36>,Pegawai Negri,Bogor,Ini kali pertama saya mengikutinya,Video,Durasi Pas,Menyelam,YouTube,Setuju,Setuju,Setuju,Setuju,Setuju,"Promosinya lebih disebarkan melaluai wag ato flyer2 di medsos, sehingga mudah diketahui"
7/1/2021 9:38:48,21 s/d 25,Pelajar / Mahasiswa,Lampung,Dua kali,Video,Durasi Pas,Mengamati satwa,IG,Setuju,Setuju,Setuju,Setuju,Setuju,"Sudah pas !!! Hebatt konsep acaranya, pembawa acaranya TOPðŸ‘ðŸ‘ðŸ‘ kang ade dan bu ika"
7/1/2021 9:39:01,26 s/d 30,Lainnya,Cirebon,Dua kali,Video,Terlalu Singkat,Mengamati satwa,Semuanya,Setuju,Setuju,Setuju,Setuju,Setuju,Semoga kedepanya lebih baik lagi
7/1/2021 9:39:07,26 s/d 30,Pegawai Negri,Majalengka,Lebih dari tiga kali,Video,Durasi Pas,Mengamati satwa,Website,Setuju,Setuju,Setuju,Setuju,Setuju,"Sangat bagus dan inovatif, salah satu bentuk sosialisasi juga untuk masyarakat "
7/1/2021 9:39:16,15 s/d 20,Pelajar / Mahasiswa,JAKARTA,Ini kali pertama saya mengikutinya,Pembawa Acara,Durasi Pas,Mengamati satwa,IG,Setuju,Setuju,Setuju,Setuju,Setuju,Kualitas video nya lebih di perbaiki
7/1/2021 9:39:24,36>,Pegawai Negri,Kota Bogor,Dua kali,Pertanyaan,Terlalu Lama,Mengamati satwa,Semuanya,Setuju,Setuju,Setuju,Setuju,Setuju,Tetap semangat dalam menjaga kelestarian alam. 
7/1/2021 9:39:28,31 s/d 35,Lainnya,Jakarta Barat,Ini kali pertama saya mengikutinya,Video,Terlalu Singkat,Menyusuri Sungai,Semuanya,Setuju,Setuju,Setuju,Setuju,Setuju,"kualitas video tolong lebih di perbaiki, terimakasih"
7/1/2021 9:39:35,36>,Pegawai Negri,"Kabupaten Bondowoso,Jawa Timur",Ini kali pertama saya mengikutinya,Video,Durasi Pas,Menyusuri Sungai,YouTube,Setuju,Setuju,Setuju,Setuju,Setuju,Harus lebih inovatif dan kreatif agar tidak membosankan
7/1/2021 9:39:44,26 s/d 30,Lainnya,"Depok, Jabar",Ini kali pertama saya mengikutinya,Video,Durasi Pas,Menyelam,Website,Setuju,Setuju,Setuju,Setuju,Setuju,Lebih selektif dalam memilih pemenang
7/1/2021 9:39:56,21 s/d 25,Pelajar / Mahasiswa,JATIM,Lebih dari tiga kali,Pembawa Acara,Durasi Pas,Mengamati satwa,IG,Setuju,Tidak Setuju,Setuju,Setuju,Setuju,Semua sudah baik. Tiap VT selalu ada konsep baru. Saya rasa cukup pertahankan kreatifitas tim VT ini. Makasih sebelumnya
7/1/2021 9:40:13,36>,Wiraswasta,BEKASI,Ini kali pertama saya mengikutinya,Video,Durasi Pas,Mengamati satwa,Semuanya,Setuju,Setuju,Setuju,Setuju,Setuju,KUALITAS GAMBAR DAN PERBANYAK INTERAKTIF DENGAN PESERTA
7/1/2021 9:40:36,36>,Pegawai Negri,Lampung,Ini kali pertama saya mengikutinya,Video,Durasi Pas,Menyusuri Sungai,YouTube,Setuju,Setuju,Setuju,Setuju,Setuju,Acaranya lbh asyik lg
7/1/2021 9:40:52,36>,Pegawai Negri,Sukabumi,Dua kali,Video,Durasi Pas,Menyelam,YouTube,Setuju,Setuju,Setuju,Setuju,Setuju,Gaungkan healing forest untuk masa pandemi
7/1/2021 9:41:42,36>,Pegawai Negri,Sumedang,Ini kali pertama saya mengikutinya,Video,Terlalu Singkat,Mengamati satwa,Semuanya,Setuju,Setuju,Setuju,Setuju,Setuju,Durasi waktunya lebih lama lagi terus jangan terlalu banyak bincang-bincangnya ya
7/1/2021 9:41:50,21 s/d 25,Lainnya,cibinong bogor,Ini kali pertama saya mengikutinya,Video,Durasi Pas,Menyusuri Sungai,Semuanya,Setuju,Setuju,Setuju,Setuju,Setuju,kualitas gambar yang ditampilkan di video agar lebih jernih
7/1/2021 9:41:54,21 s/d 25,Pelajar / Mahasiswa,Kota Depok,Ini kali pertama saya mengikutinya,Video,Durasi Pas,Mengamati satwa,IG,Setuju,Tidak Setuju,Tidak Setuju,Setuju,Setuju,Kualitas video streaming yang kurang bagus
7/1/2021 9:41:55,26 s/d 30,Pegawai Negri,Makassar,Dua kali,Video,Durasi Pas,Menyelam,IG,Setuju,Setuju,Setuju,Setuju,Setuju,Saran agar kualitas video virtual tour dipertajam 
7/1/2021 9:42:28,21 s/d 25,Lainnya,Jawa Timur,Ini kali pertama saya mengikutinya,Pembawa Acara,Durasi Pas,Mengamati satwa,Semuanya,Setuju,Setuju,Setuju,Setuju,Setuju,-
7/1/2021 9:42:36,21 s/d 25,Lainnya,Kabupaten Bogor,Dua kali,Video,Durasi Pas,Mengamati satwa,IG,Setuju,Setuju,Setuju,Setuju,Setuju,Sudah cukup baik teknis dan pelaksananya
7/1/2021 9:42:39,15 s/d 20,Pelajar / Mahasiswa,Jawa Timur,Ini kali pertama saya mengikutinya,Pembawa Acara,Durasi Pas,Menyelam,IG,Setuju,Setuju,Setuju,Setuju,Setuju,-
7/1/2021 9:42:48,26 s/d 30,Lainnya,Kabupaten Tangerang ,Ini kali pertama saya mengikutinya,Pertanyaan,Durasi Pas,Mengamati satwa,IG,Setuju,Setuju,Setuju,Setuju,Setuju,Minta ulasan tentang tapak tilas raden surya kencana. 
7/1/2021 9:42:51,36>,Pegawai Negri,Kabupaten Kuningan Jawa Barat,Ini kali pertama saya mengikutinya,Video,Durasi Pas,Mengamati satwa,YouTube,Setuju,Setuju,Setuju,Setuju,Setuju,"Lebih di gali potensi yang ada TNGGP sehingga bisa menambah wawasan dan Pengetahuan bagi masyarakat, serta lebih ditingkatkan kembali  pelayanan nya. "
7/1/2021 9:43:16,26 s/d 30,Wiraswasta,Jawa barat,Ini kali pertama saya mengikutinya,Pertanyaan,Durasi Pas,Mengamati satwa,IG,Setuju,Setuju,Tidak Setuju,Setuju,Setuju,Perbaiki kualitas video 
7/1/2021 9:43:36,31 s/d 35,Pegawai Negri,Papua,Dua kali,Video,Durasi Pas,Mengamati satwa,YouTube,Setuju,Setuju,Setuju,Setuju,Setuju,Kualitas video mudah2an bisa ditingkatkan. Sehingga semakin menarik dan peserta bisa merasakan situasi di lokasi tersebut
7/1/2021 9:43:41,36>,Pegawai Negri,Bandung,Dua kali,Video,Durasi Pas,Menyusuri Sungai,YouTube,Setuju,Setuju,Setuju,Setuju,Setuju,"Terkait pembatasan kunjungan dimasa pandemi, sebaiknya untuk kegiatan alam bebas tidak ada pembatasan apalagi kelas TN yang luas, kalaupun ada hanya pembatasan jenis aktivitasnya saja pada destinasi tertentu. trims "
7/1/2021 9:44:04,36>,Pegawai Negri,Kuningan Jawa Barat,Ini kali pertama saya mengikutinya,Video,Durasi Pas,Menyusuri Sungai,Semuanya,Setuju,Setuju,Setuju,Setuju,Setuju,Mantap
7/1/2021 9:47:00,36>,Lainnya,Bogor,Ini kali pertama saya mengikutinya,Video,Durasi Pas,Mengamati satwa,Semuanya,Setuju,Setuju,Setuju,Setuju,Setuju,"Bagikan cendramata bukan hanya sertifikat, alangkah indahnya kita sudah ikut menikmati keindahan alam yang ada di Indonesia khusunya TNGGP, ditunggu tumbernya"
7/1/2021 9:47:11,26 s/d 30,Lainnya,kalimantan timur ,Ini kali pertama saya mengikutinya,Video,Durasi Pas,Menyusuri Sungai,IG,Setuju,Setuju,Setuju,Setuju,Setuju,bisa juga dongk ka di esplour daerah saya ka di kutai timur.
7/1/2021 9:47:18,15 s/d 20,Pelajar / Mahasiswa,"Lombok, Nusa Tenggara Barat ",Lebih dari tiga kali,Video,Durasi Pas,Mengamati satwa,Semuanya,Setuju,Setuju,Setuju,Setuju,Setuju,"Semoga tetap ad kegiatan seperti ini, Kualitas video kurang bagus, sm Permainan Quiznya belum efektif "
7/1/2021 9:47:19,15 s/d 20,Pelajar / Mahasiswa,Tangerang,Ini kali pertama saya mengikutinya,Pembawa Acara,Durasi Pas,Mengamati satwa,Semuanya,Setuju,Tidak Setuju,Setuju,Setuju,Setuju,kualitas gambar ditingkatkan lagi
7/1/2021 9:47:43,31 s/d 35,Lainnya,BOGOR,Ini kali pertama saya mengikutinya,Video,Durasi Pas,Mengamati satwa,YouTube,Setuju,Setuju,Setuju,Setuju,Setuju,QUALITY VIDEO MUNGKIN HARUS DI TINGKATKAN.. 
7/1/2021 9:48:46,15 s/d 20,Pelajar / Mahasiswa,"Wonogiri, Jawa Tengah",Ini kali pertama saya mengikutinya,Video,Durasi Pas,Mengamati satwa,YouTube,Setuju,Setuju,Setuju,Setuju,Setuju,Kualitas video bisa lebih baik kedepannya
7/1/2021 9:48:53,31 s/d 35,Lainnya,Banten,Ini kali pertama saya mengikutinya,Video,Durasi Pas,Menyusuri Sungai,IG,Setuju,Tidak Setuju,Setuju,Setuju,Setuju,"Lebih banyak video ttg mendaki gunungnya, agar sesuai dengan temanya. "
7/1/2021 9:49:12,15 s/d 20,Pelajar / Mahasiswa,Jakarta Barat,Ini kali pertama saya mengikutinya,Video,Durasi Pas,Menyusuri Sungai,IG,Setuju,Setuju,Setuju,Setuju,Setuju,"Secara keseluruhan acara virtual tour ini sudah sangat baik, acara tersusun dengan baik, hanya kurangnya pada signal yang membuat kualitas videonya kurang bagus"
7/1/2021 9:51:11,21 s/d 25,Pelajar / Mahasiswa,Cianjur,Tiga kali,Video,Durasi Pas,Menyelam,IG,Setuju,Setuju,Setuju,Setuju,Setuju,kualitas videonya burik :(
7/1/2021 9:52:41,31 s/d 35,Pegawai Negri,Indonesia,Ini kali pertama saya mengikutinya,Video,Durasi Pas,Mengamati satwa,Website,Setuju,Setuju,Setuju,Setuju,Setuju,semangat untuk terus berkarya
7/1/2021 9:53:26,36>,Pegawai Negri,Balikpapan,Dua kali,Kuis,Durasi Pas,Mengamati satwa,YouTube,Setuju,Setuju,Setuju,Setuju,Setuju,"Kualitas videonya saat d zoom masih kurang bagus, blur dan freeze...ditingkatkan lagi agar lebih informatif "
7/1/2021 9:56:10,15 s/d 20,Pelajar / Mahasiswa,"Kota sukabumi, jawa barat",Ini kali pertama saya mengikutinya,Video,Durasi Pas,Mengamati satwa,Semuanya,Setuju,Setuju,Setuju,Setuju,Setuju,Kualitas video dan suara ditingkatkan lagi
7/1/2021 10:00:23,15 s/d 20,Pelajar / Mahasiswa,Cianjur,Ini kali pertama saya mengikutinya,Video,Durasi Pas,Menyelam,Website,Setuju,Setuju,Tidak Setuju,Setuju,Setuju,kualitas video ditingkatkan
7/1/2021 10:05:56,21 s/d 25,Pelajar / Mahasiswa,"Cianjur, Jawa Barat",Tiga kali,Video,Durasi Pas,Mengamati satwa,IG,Setuju,Setuju,Setuju,Setuju,Setuju,"pengaturan suara video dan MC berantakan, kadang suara video terlalu kencang shg suara MC tidak terdengar"
7/1/2021 10:21:18,21 s/d 25,Pegawai Negri,Jakarta,Ini kali pertama saya mengikutinya,Pembawa Acara,Durasi Pas,Mengamati satwa,Website,Setuju,Setuju,Setuju,Setuju,Setuju,Kualitas video yg ditampilkan semoga lebih baim
7/1/2021 10:22:26,15 s/d 20,Wiraswasta,sukabumi,Ini kali pertama saya mengikutinya,Video,Durasi Pas,Menyelam,IG,Setuju,Setuju,Setuju,Setuju,Setuju,kualitas video lebih di tingkangkatkan lagi
7/1/2021 10:22:47,26 s/d 30,Lainnya,"Bogor, Indonesia",Ini kali pertama saya mengikutinya,Video,Durasi Pas,Mengamati satwa,YouTube,Setuju,Tidak Setuju,Tidak Setuju,Setuju,Tidak Setuju,"Akan lebih menarik bila virtual tour dikemas dalam bentuk film/video dokumenter dengan dukungan suara narator sebagai pemberi informasi edukatif. Kuis bisa disisipkan di akhir atau di tengah-tengah acara sebagai intermezzo. Percakapan antar-host/pembawa acara bisa dilakukan di awal, di tengah, dan di akhir acara karena terlalu banyak percakapan antara host selama pemutaran film justru membuat penonton sulit menjiwai video, padahal bukankah salah satu tujuan utama pemutaran video ini adalah sebagai media virtual tour atau dalam kata lain membawa para penonton melakukan tur secara virtual? Kualitas video juga perlu diperbaiki karena semakin bagus kualitas video, semakin nyaman juga untuk ditonton."
7/1/2021 10:23:17,26 s/d 30,Lainnya,Kota Bekasi,Ini kali pertama saya mengikutinya,Video,Durasi Pas,Menyusuri Sungai,IG,Setuju,Setuju,Setuju,Setuju,Setuju,Kualitas video ditingkatkan
7/1/2021 10:23:21,21 s/d 25,Pelajar / Mahasiswa,Indramayu,Dua kali,Video,Durasi Pas,Mengamati satwa,Semuanya,Setuju,Setuju,Setuju,Setuju,Setuju,Semoga makin banyak lagi quisnya
7/1/2021 10:23:26,21 s/d 25,Wiraswasta,Bekasi,Ini kali pertama saya mengikutinya,Video,Durasi Pas,Menyusuri Sungai,IG,Setuju,Setuju,Setuju,Setuju,Setuju,sangat inspiratif
7/1/2021 10:23:41,36>,Pegawai Negri,Cianjur,Dua kali,Video,Durasi Pas,Mengamati satwa,IG,Setuju,Setuju,Setuju,Setuju,Setuju,Tetap jalankan prokes bagi wisatawan taman nasional
7/1/2021 10:23:49,36>,Pegawai Negri,Kabupaten Kuningan,Ini kali pertama saya mengikutinya,Video,Terlalu Singkat,Mengamati satwa,IG,Setuju,Setuju,Setuju,Setuju,Setuju,Video nya sama narasumber bertubrukan jadi kurang jelas
7/1/2021 10:23:58,31 s/d 35,Pegawai Negri,Sukabumi,Ini kali pertama saya mengikutinya,Video,Durasi Pas,Menyelam,IG,Setuju,Setuju,Setuju,Setuju,Setuju,"Kualitas video
"
7/1/2021 10:24:19,31 s/d 35,Lainnya,Kota Depok Jawa Barat,Ini kali pertama saya mengikutinya,Video,Durasi Pas,Mengamati satwa,IG,Setuju,Setuju,Setuju,Setuju,Setuju,"saran untuk virtual tour diselenggarakan rutin dan destinasinya beragam gunung, laut, hutan dll, semoga setting videonya lebih jelas lagi , terima kasih, 
"
7/1/2021 10:24:23,26 s/d 30,Pelajar / Mahasiswa,PONOROGO JAWA TIMUR,Lebih dari tiga kali,Kuis,Terlalu Lama,Mengamati satwa,Semuanya,Setuju,Setuju,Setuju,Setuju,Setuju,"Virtual TNGGP kali ini pemenang kuisnya tidak sesuai ketentuan,,
tadi tidak ada kalkulator, ataupun vitamin C,,
jawaban kurang lengkap lolos pemenang kuis,,
tidak seperti sebelumnya..
semoga menjadikan masukan untuk lebih teliti dalam memilih pemenang kuis..
terimakasih"
7/1/2021 10:24:23,21 s/d 25,Pelajar / Mahasiswa,Kebumen,Ini kali pertama saya mengikutinya,Video,Terlalu Singkat,Mengamati satwa,IG,Setuju,Setuju,Setuju,Setuju,Setuju,Mungkin untuk teknis videonya diperjelas lg karena terkadang blur jd penyampaiannya jadi kurang dan terganggu
7/1/2021 10:24:29,36>,Pegawai Negri,Cimacan cipanas,Ini kali pertama saya mengikutinya,Video,Durasi Pas,Mengamati satwa,IG,Setuju,Setuju,Setuju,Setuju,Setuju,Mantap dan keren
7/1/2021 10:24:31,26 s/d 30,Lainnya,Bandung,Lebih dari tiga kali,Video,Durasi Pas,Mengamati satwa,IG,Setuju,Setuju,Setuju,Setuju,Setuju,sudah cukup baik
7/1/2021 10:24:33,36>,Pegawai Negri,Maris Sulsel,Lebih dari tiga kali,Video,Durasi Pas,Mengamati satwa,Website,Setuju,Setuju,Setuju,Setuju,Setuju,Bagus ditingkatkan lg video
7/1/2021 10:24:38,31 s/d 35,Wiraswasta,Depok,Ini kali pertama saya mengikutinya,Video,Terlalu Singkat,Menyusuri Sungai,IG,Setuju,Setuju,Setuju,Setuju,Setuju,Suara nya lebih jernih
7/1/2021 10:24:40,26 s/d 30,Lainnya,Cipondoh Tangerang,Dua kali,Video,Durasi Pas,Menyusuri Sungai,IG,Setuju,Setuju,Setuju,Setuju,Setuju,lanjutkan
7/1/2021 10:24:44,21 s/d 25,Pelajar / Mahasiswa,Kota Sukabumi,Ini kali pertama saya mengikutinya,Video,Terlalu Singkat,Menyusuri Sungai,IG,Setuju,Setuju,Setuju,Setuju,Setuju,Kualitas video di zoom mungkin bisa lebih diperbaiki
7/1/2021 10:25:09,36>,Pegawai Negri,Sukabumi,Ini kali pertama saya mengikutinya,Video,Durasi Pas,Mengamati satwa,Semuanya,Setuju,Setuju,Setuju,Setuju,Setuju,Perbaiki kualitas video nya
7/1/2021 10:25:12,36>,Pegawai Negri,Bogor,Ini kali pertama saya mengikutinya,Video,Durasi Pas,Menyusuri Sungai,Semuanya,Setuju,Setuju,Setuju,Setuju,Setuju,Klo bisa mengenai taman nasional yg lainnya juga seperi bukit barisan dll
7/1/2021 10:25:23,21 s/d 25,Pelajar / Mahasiswa,Bandung,Ini kali pertama saya mengikutinya,Video,Durasi Pas,Mengamati satwa,IG,Setuju,Tidak Setuju,Setuju,Setuju,Setuju,"Pengundian hadiah yang lebih di akuratkan lagi , beri sedikit video pengenalan instansi sedikit "
7/1/2021 10:25:32,36>,Lainnya,Bogor,Tiga kali,Video,Durasi Pas,Menyelam,Semuanya,Setuju,Setuju,Setuju,Setuju,Setuju,suara dan back ground kurang sinkron
7/1/2021 10:25:39,21 s/d 25,Pelajar / Mahasiswa,BOGOR,Ini kali pertama saya mengikutinya,Video,Durasi Pas,Mengamati satwa,IG,Setuju,Setuju,Setuju,Setuju,Setuju,Paling suaranya aja ya kadang kecil kadang besar itu aja si
7/1/2021 10:25:40,36>,Pegawai Negri,SumedangJabar,Ini kali pertama saya mengikutinya,Video,Terlalu Singkat,Mengamati satwa,Website,Setuju,Setuju,Setuju,Setuju,Setuju,Diperpanjang durasinya
7/1/2021 10:25:40,26 s/d 30,Lainnya,Bogor,Ini kali pertama saya mengikutinya,Video,Durasi Pas,Menyelam,IG,Setuju,Setuju,Setuju,Setuju,Setuju,Kualitas Video dan Jaringan agar tetap stabil
7/1/2021 10:25:53,36>,Lainnya,Cisarua Bogor,Ini kali pertama saya mengikutinya,Video,Durasi Pas,Mengamati satwa,Semuanya,Setuju,Setuju,Setuju,Setuju,Setuju,Suaranya sering putus putus
7/1/2021 10:25:53,36>,Pegawai Negri,SUMEDANG,Ini kali pertama saya mengikutinya,Video,Terlalu Singkat,Menyusuri Sungai,Website,Setuju,Setuju,Setuju,Setuju,Setuju,"VISUALISASINYA LEBIH DI FOKUSKAN
"
7/1/2021 10:26:02,31 s/d 35,Pegawai Negri,cibodas,Ini kali pertama saya mengikutinya,Video,Durasi Pas,Mengamati satwa,Semuanya,Setuju,Setuju,Setuju,Setuju,Setuju,sudah cukup baik
7/1/2021 10:26:07,21 s/d 25,Pelajar / Mahasiswa,"Cileungsi, Bogor",Ini kali pertama saya mengikutinya,Video,Durasi Pas,Menyusuri Sungai,IG,Setuju,Setuju,Setuju,Setuju,Setuju,"Audionya lebih dikondusifkan lagi, audio video dan pembawa acara tumpang tindih"
7/1/2021 10:26:14,15 s/d 20,Pelajar / Mahasiswa,Depok,Ini kali pertama saya mengikutinya,Video,Durasi Pas,Menyusuri Sungai,Semuanya,Setuju,Setuju,Setuju,Setuju,Setuju,"Terima kasih untuk acara virtual tour nya, semoga saya segera ke gunung Gede-Pangrango (alhamdulillah gunung gede sudah, belum ke gunung pangrango)"
7/1/2021 10:26:28,21 s/d 25,Wiraswasta,Bogor,Ini kali pertama saya mengikutinya,Video,Durasi Pas,Mengamati satwa,IG,Setuju,Tidak Setuju,Setuju,Setuju,Setuju,Adakan diskusi anatar peserta dalam breakout room
7/1/2021 10:26:39,26 s/d 30,Pegawai Negri,jakarta utara,Ini kali pertama saya mengikutinya,Pertanyaan,Durasi Pas,Mengamati satwa,Website,Setuju,Setuju,Setuju,Setuju,Setuju,saya rasa perlu ditambah narasumber dari polhut dan PEH. karena dari pengalaman lapangan mereka sangat kompeten
7/1/2021 10:26:42,36>,Wiraswasta,Cipendawa,Ini kali pertama saya mengikutinya,Video,Durasi Pas,Mengamati satwa,Website,Setuju,Tidak Setuju,Setuju,Setuju,Setuju,Pemandu acaranya lebih muda 
7/1/2021 10:27:10,36>,Lainnya,Bogor,Lebih dari tiga kali,Video,Durasi Pas,Menyelam,IG,Setuju,Tidak Setuju,Setuju,Setuju,Setuju,Sound di video sama pembawa acara mohon disesuaikan...jd tidak maksimal
7/1/2021 10:27:30,26 s/d 30,Wiraswasta,Lebak Banten,Ini kali pertama saya mengikutinya,Video,Terlalu Singkat,Mengamati satwa,IG,Setuju,Setuju,Setuju,Setuju,Setuju,Saya Ingin Lebih Mengenali lebih jauh lagi tentang Alam dan yang lainnya.. ingin sekali menjadi anggota taman nasional hehe
7/1/2021 10:27:39,15 s/d 20,Wiraswasta,Cianjur,Ini kali pertama saya mengikutinya,Video,Durasi Pas,Mengamati satwa,IG,Setuju,Setuju,Setuju,Setuju,Setuju,Perbaikan kulitas video saja
7/1/2021 10:27:47,31 s/d 35,Pegawai Negri,Cianjur,Ini kali pertama saya mengikutinya,Video,Durasi Pas,Mengamati satwa,Website,Setuju,Setuju,Tidak Setuju,Setuju,Setuju,Kurang banyak merchandisenya
7/1/2021 10:28:12,15 s/d 20,Pelajar / Mahasiswa,Cianjur,Ini kali pertama saya mengikutinya,Video,Durasi Pas,Mengamati satwa,IG,Setuju,Setuju,Tidak Setuju,Setuju,Setuju,-
7/1/2021 10:28:23,36>,Lainnya,Depok,Ini kali pertama saya mengikutinya,Video,Terlalu Singkat,Menyusuri Sungai,YouTube,Setuju,Setuju,Setuju,Setuju,Setuju,"Mohon ada objek yg dibahas lebih dalam. Misal pohon Kecubung itu termasuk famili apa, kegunaannya apa, bisa hidup di daerah mana, ada kecubung spesies apa aja . "
7/1/2021 10:28:30,36>,Lainnya,Bogor,Ini kali pertama saya mengikutinya,Video,Durasi Pas,Mengamati satwa,Website,Setuju,Setuju,Setuju,Setuju,Setuju,Durasi waktu videonya ditambah.
7/1/2021 10:31:00,31 s/d 35,Lainnya,Kp. Nanggerang Rt.004 Rw.002 Nanggerang - Cicurug - Sukabumi,Ini kali pertama saya mengikutinya,Video,Durasi Pas,Mengamati satwa,Website,Setuju,Setuju,Setuju,Setuju,Setuju,"mungkin kualitas jaringan internetnya lebih diperkuat lagi sehingga menghasilkan tampilan yang maksimal dan tidak terjadi putus-putusnya suara maupun tampilannya, tks"
7/1/2021 10:31:19,36>,Pegawai Negri,Jl raya Ciawi no 47 Kp Sukasenang RT 01 RW 03 Desa Margamulya kecamatan Sukaresik kabupaten Tasikmalaya,Ini kali pertama saya mengikutinya,Video,Terlalu Singkat,Mengamati satwa,Semuanya,Setuju,Setuju,Setuju,Setuju,Setuju,"Sangat bagus, saya ucapkan apresiasi terhadap para team pelaksana.....sukses slalu.....tetap semangat......"
7/1/2021 10:33:26,21 s/d 25,Lainnya,Bogor,Lebih dari tiga kali,Video,Terlalu Lama,Mengamati satwa,IG,Setuju,Setuju,Tidak Setuju,Setuju,Setuju,-
7/1/2021 10:35:32,26 s/d 30,Lainnya,jakarta,Ini kali pertama saya mengikutinya,Kuis,Durasi Pas,Mengamati satwa,IG,Setuju,Tidak Setuju,Setuju,Setuju,Setuju,perbaikan kualitas video pada zoom meeting
7/1/2021 10:35:51,15 s/d 20,Pelajar / Mahasiswa,Cianjur,Ini kali pertama saya mengikutinya,Video,Durasi Pas,Menyelam,Semuanya,Setuju,Setuju,Setuju,Setuju,Setuju,"tidak ada, sudah terselenggara dengan baik"
7/1/2021 10:38:15,15 s/d 20,Pelajar / Mahasiswa,Cianjur,Ini kali pertama saya mengikutinya,Video,Durasi Pas,Mengamati satwa,Semuanya,Setuju,Setuju,Setuju,Setuju,Setuju,-
7/1/2021 10:40:21,26 s/d 30,Pegawai Negri,Jakarta,Ini kali pertama saya mengikutinya,Video,Terlalu Singkat,Menyusuri Sungai,YouTube,Setuju,Setuju,Setuju,Setuju,Setuju,"Mungkin setelah MC bicara Bahasa Sunda, bisa langsung ditranslate agar non-Sunda speaker seperti saya bisa ikut paham :D"
7/1/2021 10:41:05,36>,Lainnya,Bogor,Ini kali pertama saya mengikutinya,Video,Durasi Pas,Mengamati satwa,YouTube,Setuju,Setuju,Setuju,Setuju,Setuju,kualitas video yang blur saat sayang di zoom
7/6/2021 9:48:19,26 s/d 30,Lainnya,Sukabumi,Ini kali pertama saya mengikutinya,Video,Durasi Pas,Mengamati satwa,IG,Setuju,Setuju,Setuju,Setuju,Setuju,Untuk Kualitas video dan suara nya
7/6/2021 9:48:25,15 s/d 20,Pelajar / Mahasiswa,"Sukaharja, Cijeruk",Ini kali pertama saya mengikutinya,Video,Durasi Pas,Mengamati satwa,IG,Setuju,Setuju,Setuju,Setuju,Setuju,"Dalam sesi tanya jawab lbh diberi kesempatan lg bagi peserta dan juga perbaikan sinyal dari admin sendiri, semangat!!!"
7/6/2021 9:49:03,31 s/d 35,Wiraswasta,Jakarta,Dua kali,Video,Durasi Pas,Menyelam,IG,Setuju,Setuju,Setuju,Setuju,Setuju,Kualitas video dan suara.
7/6/2021 9:49:41,36>,Pegawai Negri,Bandung,Tiga kali,Video,Durasi Pas,Menyelam,Semuanya,Setuju,Tidak Setuju,Setuju,Setuju,Setuju,Interpretasinya (peserta bisa merasakan/ seperti mengalami yg diperdalam)
7/6/2021 9:49:54,36>,Lainnya,Jakarta,Ini kali pertama saya mengikutinya,Video,Durasi Pas,Mengamati satwa,IG,Setuju,Setuju,Setuju,Setuju,Setuju,Hadiah quis diperbanyak
7/6/2021 9:50:13,15 s/d 20,Lainnya,Bogor,Ini kali pertama saya mengikutinya,Video,Durasi Pas,Mengamati satwa,Semuanya,Setuju,Setuju,Setuju,Setuju,Setuju,Sangat bagus sekali untuk saya yang ingin mendaki gunung salak 1 tpi disayangin sinyalnya kurang pendukung
7/6/2021 9:51:02,26 s/d 30,Lainnya,KABUPATEN KUTAI TIMUR,Dua kali,Video,Durasi Pas,Mengamati satwa,IG,Setuju,Setuju,Setuju,Setuju,Setuju,PETA LOKASI KAKK
7/6/2021 9:51:25,26 s/d 30,Wiraswasta,Bogor,Lebih dari tiga kali,Video,Durasi Pas,Mengamati satwa,Semuanya,Setuju,Setuju,Setuju,Setuju,Setuju,"Semua virtual bagus, Tinggal dalam virtual supaya lebih clear dan fokus kadang beberapa frame tumpang tindih."
7/6/2021 9:51:26,31 s/d 35,Lainnya,Bogor,Ini kali pertama saya mengikutinya,Video,Durasi Pas,Menyusuri Sungai,Semuanya,Setuju,Setuju,Setuju,Setuju,Setuju,Semoga audionya tidak putus-putus lagi.
7/6/2021 9:51:29,31 s/d 35,Pegawai Negri,Bogor,Lebih dari tiga kali,Pembawa Acara,Terlalu Lama,Menyelam,IG,Setuju,Setuju,Setuju,Setuju,Setuju,terlalu panjang durasinya jadi sedikit bosan
7/6/2021 9:51:30,36>,Lainnya,"Kota Bogor , Cikaret Bogor Selatan",Ini kali pertama saya mengikutinya,Video,Durasi Pas,Mengamati satwa,YouTube,Setuju,Setuju,Setuju,Setuju,Setuju,Menampilkan sejarah Gn Salak dan Taman Nasional. Menmmm
7/6/2021 9:51:48,21 s/d 25,Lainnya,Bogor selatan,Ini kali pertama saya mengikutinya,Video,Durasi Pas,Mengamati satwa,Semuanya,Setuju,Setuju,Setuju,Setuju,Setuju,Lebih ditingkatkan lagi
7/6/2021 9:51:53,15 s/d 20,Pelajar / Mahasiswa,Kuningan,Tiga kali,Video,Durasi Pas,Mengamati satwa,IG,Setuju,Setuju,Setuju,Setuju,Tidak Setuju,"Untuk penjelasan materinya lebih didetailkan lagi, kondisi sinyalnya lebih di perhatikan lagi
Terimakasih"
7/6/2021 9:52:51,15 s/d 20,Pelajar / Mahasiswa,Kalimantan Barat,Lebih dari tiga kali,Video,Durasi Pas,Menyelam,Semuanya,Setuju,Setuju,Setuju,Setuju,Setuju,ðŸ‘ðŸ™
7/6/2021 9:53:24,31 s/d 35,Lainnya,Sukabumi,Ini kali pertama saya mengikutinya,Video,Durasi Pas,Mengamati satwa,Semuanya,Setuju,Setuju,Setuju,Setuju,Setuju,Sudah cukup bagus dalam melakukan pendakian
7/6/2021 9:53:59,21 s/d 25,Lainnya,jakarta barat,Ini kali pertama saya mengikutinya,Video,Terlalu Singkat,Menyusuri Sungai,Semuanya,Setuju,Tidak Setuju,Setuju,Setuju,Setuju,"saran saja untuk kendala sinyal dapat diatasi, kemudian untuk video durasinya bisa lebih lama dengan menampilkan view seputar tanahalisa, serta kuisnya kalo bisa diakhir setelah pemaparan video. terimakasih."
7/6/2021 10:01:21,15 s/d 20,Pelajar / Mahasiswa,"Selabintana, Sukabumi",Ini kali pertama saya mengikutinya,Pertanyaan,Durasi Pas,Mengamati satwa,IG,Setuju,Setuju,Setuju,Setuju,Setuju,"Orang yg bertanya jangan di setting apalagi saat pembagian hadiah, yg melihat banyak berkomentar, virtual tour jadi kurang baik kalau seperti itu. "
7/6/2021 10:03:45,36>,Lainnya,Bogor,Dua kali,Video,Durasi Pas,Mengamati satwa,IG,Setuju,Setuju,Setuju,Setuju,Setuju,"Ada spot alam yang bisa lebih banyak dieksplor selain perjalanan pendakian, karena pengunjung tidak melulu mau mendaki... pengunjung keluarga lebih banyak menikmati wisata alam di bawah pegunungan."
7/6/2021 10:05:55,21 s/d 25,Pelajar / Mahasiswa,Kabupaten bogor,Lebih dari tiga kali,Video,Terlalu Singkat,Mengamati satwa,IG,Setuju,Setuju,Setuju,Setuju,Setuju,"untuk kedepannya lebih diperlihatkan lagi detail treknya, dan bagian"" yang harus di hindari karena resiko bahaya, bila ada."
7/6/2021 10:08:45,36>,Lainnya,Depok,Ini kali pertama saya mengikutinya,Video,Durasi Pas,Menyusuri Sungai,IG,Setuju,Setuju,Setuju,Setuju,Setuju,"Diperhatikan lagi koneksi internetnya. Pada awal suara putus-putus. Video lebih detil dari satu pos ke pos yang lain. Contoh spt vlog-nya The Slacker Hiker, ada keterangan berapa MDPL, berapa jam, nama nama pos. "
7/6/2021 10:26:33,21 s/d 25,Lainnya,Bogor,Lebih dari tiga kali,Video,Durasi Pas,Mengamati satwa,Semuanya,Setuju,Setuju,Setuju,Setuju,Setuju,"Mudah""an kedepannya ada pendaftaran online untuk mendaki gunung salak,

Sering"" buat virtual tour  ðŸ˜ðŸ˜ðŸ˜"
7/6/2021 10:54:02,15 s/d 20,Pelajar / Mahasiswa,Sumatera Utara,Lebih dari tiga kali,Video,Durasi Pas,Menyelam,IG,Setuju,Setuju,Setuju,Setuju,Setuju,Semoga untuk masalah jaringan dapat diperbaiki selanjutnya.
7/8/2021 9:35:15,15 s/d 20,Pelajar / Mahasiswa,Jakarta,Ini kali pertama saya mengikutinya,Video,Durasi Pas,Mengamati satwa,IG,Setuju,Setuju,Setuju,Setuju,Setuju,-
7/8/2021 9:35:16,21 s/d 25,Pelajar / Mahasiswa,Indramayu,Lebih dari tiga kali,Video,Durasi Pas,Mengamati satwa,Semuanya,Setuju,Setuju,Setuju,Setuju,Setuju,Semoga kedepannya makin sering mengadakan acara virtual tour ini
7/8/2021 9:35:41,15 s/d 20,Pelajar / Mahasiswa,"Depok, Jawa Barat",Ini kali pertama saya mengikutinya,Video,Durasi Pas,Menyusuri Sungai,IG,Setuju,Setuju,Setuju,Setuju,Setuju,"diperhatikan kembali suaranya, dikarenakan suaranya sangat kecil"
7/8/2021 9:35:48,26 s/d 30,Lainnya,bogor,Lebih dari tiga kali,Video,Durasi Pas,Menyelam,Semuanya,Setuju,Tidak Setuju,Setuju,Setuju,Setuju,ada kolom cerita setelah ikut Virtual tour yang nantinya dipost mimin di website atau ig
7/8/2021 9:36:21,36>,Pegawai Negri,Cianjur,Dua kali,Video,Durasi Pas,Menyelam,Semuanya,Setuju,Setuju,Setuju,Setuju,Setuju,-
7/8/2021 9:36:31,31 s/d 35,Pegawai Negri,Manokwar,Dua kali,Video,Durasi Pas,Mengamati satwa,YouTube,Setuju,Setuju,Setuju,Setuju,Setuju,durasi pas buat peserta lebih penasaran
7/8/2021 9:36:43,26 s/d 30,Lainnya,bandung,Lebih dari tiga kali,Pertanyaan,Terlalu Singkat,Menyelam,Semuanya,Setuju,Setuju,Setuju,Setuju,Setuju,terbaik
7/8/2021 9:36:55,21 s/d 25,Pelajar / Mahasiswa,Malang,Lebih dari tiga kali,Video,Durasi Pas,Mengamati satwa,Semuanya,Setuju,Tidak Setuju,Setuju,Setuju,Setuju,"Pembawa acara kadang ada yang asik, dan kadang ada yg gak asik.. kualifikasi dalam membaca pertanyaan untuk menggali pengetahuan penyimak tidak menyeluruh, kadang pertanyaan yg sama di ulang-ulang, "
7/8/2021 9:37:13,31 s/d 35,Lainnya,Bogor,Dua kali,Video,Durasi Pas,Menyusuri Sungai,Semuanya,Setuju,Setuju,Setuju,Setuju,Setuju,Semoga audionya semakin jelas
7/8/2021 9:37:28,15 s/d 20,Pelajar / Mahasiswa,Boyolali,Ini kali pertama saya mengikutinya,Video,Durasi Pas,Mengamati satwa,IG,Setuju,Setuju,Setuju,Setuju,Setuju,Kualitas videonya lebih di hd kan
7/8/2021 9:37:41,36>,Lainnya,Malang,Lebih dari tiga kali,Video,Durasi Pas,Menyusuri Sungai,Semuanya,Setuju,Setuju,Setuju,Setuju,Setuju,Bisa ditambahkan untuk flora dan fauna di kawasan TN bisa ditunjukkan lebih dekat (close-up)
7/8/2021 9:37:51,21 s/d 25,Pelajar / Mahasiswa,jawa timur,Dua kali,Kuis,Durasi Pas,Mengamati satwa,IG,Setuju,Setuju,Setuju,Setuju,Setuju,"audio visual nya kurang ok bgt, mungkin memaklumi keadaan yg virtual di kawasan hutan/susah sinyal. next bisa ditingkatkan lagi "
7/8/2021 9:38:02,21 s/d 25,Lainnya,Kabupaten Nganjuk,Dua kali,Video,Durasi Pas,Mengamati satwa,IG,Setuju,Setuju,Setuju,Setuju,Setuju,Perbaiki di kualitas suara dan persiapkan sinyal yang lebih baik lagi sih. Sukses Terus Conservationmate
7/8/2021 9:38:51,15 s/d 20,Pelajar / Mahasiswa,"Kabupaten Buton Tengah,Provinsi Sulawesi Tenggara",Dua kali,Kuis,Durasi Pas,Menyelam,IG,Setuju,Setuju,Setuju,Setuju,Setuju,"Tolong di Virtual Tour di adakan perjenjang mulai dari tingkatan SD,SMP,SMA,MAHASISWA dan Umum agar masing-masing lembaga mampu mendukung tumbuh kembang anak tentang gunung.Terima Kasih Salam Lestari "
7/8/2021 9:39:13,36>,Pegawai Negri,Desa Pasawahan Kecamatan Pasawahan Kabupaten Kuningan Jawa Barat,Dua kali,Video,Durasi Pas,Mengamati satwa,Semuanya,Setuju,Setuju,Setuju,Setuju,Setuju,Materi tema virtualnya makin di perbanyak dan ada sertifikat nya juga 
7/8/2021 9:39:35,26 s/d 30,Pelajar / Mahasiswa,PONOROGO JAWA TIMUR,Lebih dari tiga kali,Kuis,Terlalu Lama,Mengamati satwa,Semuanya,Setuju,Setuju,Setuju,Setuju,Setuju,Untuk lebih teliti lagi dalam pembacaan pertanyaan dari audiensi
7/8/2021 9:40:19,36>,Pegawai Negri,Masohi Maluku Tengah,Lebih dari tiga kali,Video,Durasi Pas,Menyelam,Semuanya,Setuju,Setuju,Setuju,Setuju,Setuju,Slalu semangat dan terus berkarya
7/8/2021 9:41:41,15 s/d 20,Lainnya,Jawa Tengah,Lebih dari tiga kali,Video,Terlalu Singkat,Menyelam,IG,Setuju,Setuju,Setuju,Setuju,Setuju,durasinya lebih lama lagi
7/8/2021 9:43:01,15 s/d 20,Pelajar / Mahasiswa,Jatim,Ini kali pertama saya mengikutinya,Video,Durasi Pas,Mengamati satwa,Website,Setuju,Setuju,Setuju,Setuju,Setuju,Tidak ada
7/8/2021 9:46:40,21 s/d 25,Pelajar / Mahasiswa,Palembang,Tiga kali,Video,Durasi Pas,Menyusuri Sungai,IG,Setuju,Setuju,Setuju,Setuju,Setuju,Durasi awal mulai
7/8/2021 9:47:36,21 s/d 25,Pelajar / Mahasiswa,Bogor,Dua kali,Video,Durasi Pas,Menyelam,Semuanya,Setuju,Setuju,Setuju,Setuju,Setuju,"Sarannya, paling soal kekuatan sinyal saja ka, dan kadang sinyal menggangu itu resolusi gambar dan video serta suara yg di tampilkan kurang memadai. OverAll, sangaat suka sama kegiatan Virtual Tour ini, hehe smeoga kedepannya masih selalu mengadakan kegiatan ini, apalagi saat saat pandemi, namun setelahnya pandemi berakhirpun semoga akan tetap ada kegiatan Virtual Tour ini, karena masih banyak wisata2 yg belum terexplore (karena biar sayapun bisa menikmatinya walau tidak langsung hehe) Terimakasih ka :)"
7/8/2021 9:47:49,36>,Pegawai Negri,Yogyakarta,Tiga kali,Video,Durasi Pas,Mengamati satwa,IG,Setuju,Setuju,Setuju,Setuju,Setuju,Kualitas video yang diterima kadang kurang jernih
7/8/2021 9:54:26,26 s/d 30,Lainnya,jambi ,Ini kali pertama saya mengikutinya,Video,Terlalu Singkat,Mengamati satwa,IG,Setuju,Setuju,Setuju,Setuju,Setuju,banyakin hadiahnya akka hahha 
7/8/2021 9:57:11,31 s/d 35,Pegawai Negri,Yogyakarta,Lebih dari tiga kali,Video,Durasi Pas,Mengamati satwa,IG,Setuju,Setuju,Setuju,Setuju,Tidak Setuju,"mohon maaf untuk pertanyaan no.10, sebenarnya keinginan itu ada, tapi masih banyak hal-hal yang dipertimbangkan dengan kondisi pandemi saat ini dan biaya, virtual tour ini sangat keren, dan sangat edukasi sekali"
7/8/2021 9:57:55,21 s/d 25,Pelajar / Mahasiswa,Yogyakarta,Lebih dari tiga kali,Video,Durasi Pas,Mengamati satwa,Semuanya,Setuju,Setuju,Setuju,Setuju,Setuju,"Mungkin hanya masalah teknis selama virtual tour berlangsung, selainnya tidak ada kendala.. Terimaksih sangat memberi banyak pengetahuan"
7/8/2021 10:09:32,21 s/d 25,Pelajar / Mahasiswa,Lombok,Lebih dari tiga kali,Video,Durasi Pas,Menyelam,IG,Setuju,Setuju,Setuju,Setuju,Setuju,Mantab...kalau bisa virtual tour semua taman nasional biar kita semua lebih tahu
7/8/2021 10:11:57,15 s/d 20,Pelajar / Mahasiswa,Jateng,Ini kali pertama saya mengikutinya,Kuis,Durasi Pas,Menyelam,Semuanya,Setuju,Tidak Setuju,Setuju,Setuju,Setuju,"Info virtual tour perlu disebarluaskan, misalnya dengan fitur ""promosikan"" di instagram. Saya agak sedih karena baru tau ada virtual tour ini udah seri terakhir :("
7/8/2021 10:34:31,31 s/d 35,Wiraswasta,Jakarta,Tiga kali,Video,Durasi Pas,Menyusuri Sungai,IG,Setuju,Setuju,Setuju,Setuju,Setuju,kualitas video dan kualitas suara
7/8/2021 10:35:08,21 s/d 25,Lainnya,Jawa Timur,Tiga kali,Kuis,Durasi Pas,Mengamati satwa,Semuanya,Setuju,Setuju,Setuju,Setuju,Setuju,Kuisnya beragam. Pakai quizizz.com 
7/8/2021 10:35:13,36>,Pegawai Negri,jakarta,Dua kali,Video,Durasi Pas,Mengamati satwa,IG,Setuju,Tidak Setuju,Setuju,Setuju,Setuju,pertimbankan jaringan pada pelaksana VT
7/8/2021 10:35:18,26 s/d 30,Pegawai Negri,Timika,Ini kali pertama saya mengikutinya,Pembawa Acara,Terlalu Singkat,Menyelam,IG,Setuju,Setuju,Setuju,Tidak Setuju,Tidak Setuju,Suaranya terlalu kecil yang dari Wamena
7/8/2021 10:35:34,36>,Pegawai Negri,Nabire,Lebih dari tiga kali,Video,Durasi Pas,Menyelam,YouTube,Setuju,Setuju,Setuju,Setuju,Setuju,Ditingkatkan lagi
7/8/2021 10:35:35,21 s/d 25,Pelajar / Mahasiswa,JATIM,Lebih dari tiga kali,Pembawa Acara,Durasi Pas,Menyusuri Sungai,Semuanya,Setuju,Setuju,Setuju,Setuju,Setuju,"Speakernya kurang keras. Berkali kali host sampe ngomong ""speakernya deketin kak"" "
7/8/2021 10:35:44,15 s/d 20,Pelajar / Mahasiswa,Jawa timur,Tiga kali,Pembawa Acara,Durasi Pas,Mengamati satwa,IG,Setuju,Setuju,Setuju,Setuju,Setuju,-
7/8/2021 10:36:09,36>,Pegawai Negri,MAkassar,Tiga kali,Video,Durasi Pas,Mengamati satwa,IG,Setuju,Setuju,Setuju,Setuju,Setuju,LOkasi-lokasi yang sulit dijangkau
7/8/2021 10:36:34,15 s/d 20,Pelajar / Mahasiswa,Jawa timur,Tiga kali,Pembawa Acara,Durasi Pas,Mengamati satwa,IG,Setuju,Setuju,Setuju,Setuju,Setuju,-
7/8/2021 10:37:39,26 s/d 30,Pegawai Negri,Bandung,Dua kali,Video,Durasi Pas,Menyelam,YouTube,Setuju,Setuju,Setuju,Setuju,Setuju,Video tour kurang panjang
7/8/2021 10:38:19,26 s/d 30,Pegawai Negri,Palembang,Lebih dari tiga kali,Video,Durasi Pas,Menyelam,Semuanya,Setuju,Setuju,Setuju,Setuju,Setuju,"viedo kadang jelek bgt, entah dari saya ato emang dari sana kak."
7/8/2021 10:39:39,21 s/d 25,Pelajar / Mahasiswa,Depok,Dua kali,Pertanyaan,Durasi Pas,Menyelam,IG,Setuju,Setuju,Setuju,Setuju,Setuju,"Untuk gambar cukup buram, mungkin bisa diperbaiki lagi ke depannya"
7/8/2021 10:39:48,15 s/d 20,Pelajar / Mahasiswa,"Bogor, Jawa Barat",Dua kali,Pertanyaan,Durasi Pas,Mengamati satwa,IG,Setuju,Setuju,Setuju,Setuju,Setuju,Beri kesempatan peserta untuk bertanya lebih banyak
7/8/2021 10:40:15,26 s/d 30,Lainnya,Sleman,Ini kali pertama saya mengikutinya,Video,Durasi Pas,Menyelam,IG,Setuju,Setuju,Setuju,Setuju,Setuju,"Sebelum virtual tour, bisa cek sound dulu ya kak... hehehee. Bikin giveaway tour ke TN Lorenzt Kak. "
7/8/2021 10:41:28,21 s/d 25,Lainnya,Depok,Dua kali,Kuis,Terlalu Lama,Menyelam,Semuanya,Setuju,Tidak Setuju,Setuju,Setuju,Setuju,"pake kuis kahoot aja dr pd langsung, kasian yg di YT huft"
7/8/2021 10:41:49,21 s/d 25,Lainnya,Pasuruan Jawa Timur,Ini kali pertama saya mengikutinya,Video,Durasi Pas,Menyelam,IG,Setuju,Setuju,Setuju,Setuju,Setuju,Semuanya oke
7/8/2021 10:44:20,31 s/d 35,Pegawai Negri,Sorong,Lebih dari tiga kali,Video,Durasi Pas,Menyelam,Semuanya,Setuju,Setuju,Setuju,Setuju,Setuju,Quiznya bisa pakai kahoot biar fair min
7/8/2021 10:46:03,21 s/d 25,Pelajar / Mahasiswa,Makassar,Lebih dari tiga kali,Video,Durasi Pas,Mengamati satwa,Semuanya,Setuju,Setuju,Setuju,Setuju,Setuju,Sebaiknya VT selanjutnya lebih memperkenalkan cara pengamatan flora fauna yang jadi icon di masing-masing TN supaya lebih mengerti jenis dan cara menjaganya. Terimakasih
7/8/2021 10:49:59,36>,Pegawai Negri,Sumedang_Jawa Barat,Ini kali pertama saya mengikutinya,Video,Durasi Pas,Mengamati satwa,Semuanya,Setuju,Setuju,Setuju,Setuju,Setuju,peserta diberi fasilitas sertikat
7/8/2021 10:52:33,21 s/d 25,Pelajar / Mahasiswa,Kota Palangka Raya Provinsi Kalimantan Tengah,Lebih dari tiga kali,Kuis,Durasi Pas,Mengamati satwa,IG,Setuju,Setuju,Setuju,Setuju,Setuju,Lebih ditingkatkan lagi untuk videonya yang kadang-kadang terputus-putus
7/8/2021 10:53:37,36>,Wiraswasta,Medan,Ini kali pertama saya mengikutinya,Video,Terlalu Lama,Menyusuri Sungai,IG,Setuju,Tidak Setuju,Setuju,Setuju,Setuju,"Video virtual tour dibiki sereality mungkin, bisa diambil video dari pendaki mendaki."
7/8/2021 10:56:54,15 s/d 20,Pelajar / Mahasiswa,Ciamis jawabarat,Lebih dari tiga kali,Video,Terlalu Singkat,Menyelam,Semuanya,Setuju,Tidak Setuju,Setuju,Setuju,Setuju,Mohon maaf Untuk operator sound dan sinyalnya agar di persiapkan sebelum melakukan meet. Terimakasih sebelumnya sudah mengajak ke beberapa TN meskipun hanya sebatas virtual. 
7/8/2021 11:03:07,15 s/d 20,Pelajar / Mahasiswa,Surabaya,Tiga kali,Video,Durasi Pas,Menyelam,IG,Setuju,Setuju,Setuju,Setuju,Setuju,Cukup baik
7/8/2021 18:29:01,15 s/d 20,Pelajar / Mahasiswa,Surabaya,Ini kali pertama saya mengikutinya,Video,Durasi Pas,Menyusuri Sungai,IG,Setuju,Setuju,Setuju,Setuju,Setuju,Mungkin bisa diberi sertifikat
7/8/2021 19:14:12,31 s/d 35,Pegawai Negri,Sorong,Lebih dari tiga kali,Video,Durasi Pas,Menyelam,Semuanya,Setuju,Setuju,Setuju,Setuju,Setuju,Quiznya bisa pakai kahoot biar fair min
7/14/2021 9:37:04,31 s/d 35,Pegawai Negri,Sorong,Lebih dari tiga kali,Video,Durasi Pas,Menyelam,Semuanya,Setuju,Setuju,Setuju,Setuju,Setuju,Quiznya bisa pakai kahoot biar fair min